<?xml version="1.0" encoding="UTF-8"?>

<!-- generated on 2025-05-06 20:13:09 by Eclipse SUMO netconvert Version 1.22.0
<netconvertConfiguration xmlns:xsi="http://www.w3.org/2001/XMLSchema-instance" xsi:noNamespaceSchemaLocation="http://sumo.dlr.de/xsd/netconvertConfiguration.xsd">

    <input>
        <node-files value="intelligent_traffic.nod.xml"/>
        <edge-files value="intelligent_traffic.edg.xml"/>
    </input>

    <output>
        <output-file value="intelligent_traffic.net.xml"/>
    </output>

</netconvertConfiguration>
-->

<net version="1.20" junctionCornerDetail="5" limitTurnSpeed="5.50" xmlns:xsi="http://www.w3.org/2001/XMLSchema-instance" xsi:noNamespaceSchemaLocation="http://sumo.dlr.de/xsd/net_file.xsd">

    <location netOffset="0.00,0.00" convBoundary="0.00,0.00,100.00,100.00" origBoundary="0.00,0.00,100.00,100.00" projParameter="!"/>

    <edge id=":end1_0" function="internal">
        <lane id=":end1_0_0" index="0" speed="3.65" length="4.67" shape="1.13,101.13 -0.28,101.41 -1.13,101.13 -1.41,100.28 -1.13,98.87"/>
    </edge>
    <edge id=":end2_0" function="internal">
        <lane id=":end2_0_0" index="0" speed="3.65" length="4.67" shape="101.13,98.87 101.41,100.28 101.13,101.13 100.28,101.41 98.87,101.13"/>
    </edge>
    <edge id=":end3_0" function="internal">
        <lane id=":end3_0_0" index="0" speed="3.65" length="4.67" shape="98.87,-1.13 100.28,-1.41 101.13,-1.13 101.41,-0.28 101.13,1.13"/>
    </edge>
    <edge id=":end4_0" function="internal">
        <lane id=":end4_0_0" index="0" speed="3.65" length="4.67" shape="-1.13,1.13 -1.41,-0.28 -1.13,-1.13 -0.28,-1.41 1.13,-1.13"/>
    </edge>
    <edge id=":junction_0" function="internal">
        <lane id=":junction_0_0" index="0" speed="6.51" length="9.03" shape="53.96,56.22 51.98,54.74 50.00,54.24 48.02,54.74 46.04,56.22"/>
    </edge>
    <edge id=":junction_1" function="internal">
        <lane id=":junction_1_0" index="0" speed="13.90" length="14.40" shape="53.96,56.22 43.78,46.04"/>
    </edge>
    <edge id=":junction_2" function="internal">
        <lane id=":junction_2_0" index="0" speed="8.00" length="4.07" shape="53.96,56.22 51.63,53.11 51.58,52.94"/>
    </edge>
    <edge id=":junction_3" function="internal">
        <lane id=":junction_3_0" index="0" speed="3.65" length="1.44" shape="53.96,56.22 53.68,54.81"/>
    </edge>
    <edge id=":junction_16" function="internal">
        <lane id=":junction_16_0" index="0" speed="8.00" length="10.13" shape="51.58,52.94 50.85,50.00 51.63,46.89 53.96,43.78"/>
    </edge>
    <edge id=":junction_17" function="internal">
        <lane id=":junction_17_0" index="0" speed="3.65" length="3.23" shape="53.68,54.81 53.96,53.96 54.81,53.68 56.22,53.96"/>
    </edge>
    <edge id=":junction_4" function="internal">
        <lane id=":junction_4_0" index="0" speed="6.51" length="9.03" shape="56.22,46.04 54.74,48.02 54.24,50.00 54.74,51.98 56.22,53.96"/>
    </edge>
    <edge id=":junction_5" function="internal">
        <lane id=":junction_5_0" index="0" speed="13.90" length="14.40" shape="56.22,46.04 46.04,56.22"/>
    </edge>
    <edge id=":junction_6" function="internal">
        <lane id=":junction_6_0" index="0" speed="8.00" length="4.07" shape="56.22,46.04 53.11,48.37 52.94,48.42"/>
    </edge>
    <edge id=":junction_7" function="internal">
        <lane id=":junction_7_0" index="0" speed="3.65" length="1.44" shape="56.22,46.04 54.81,46.32"/>
    </edge>
    <edge id=":junction_18" function="internal">
        <lane id=":junction_18_0" index="0" speed="8.00" length="10.13" shape="52.94,48.42 50.00,49.15 46.89,48.37 43.78,46.04"/>
    </edge>
    <edge id=":junction_19" function="internal">
        <lane id=":junction_19_0" index="0" speed="3.65" length="3.23" shape="54.81,46.32 53.96,46.04 53.68,45.19 53.96,43.78"/>
    </edge>
    <edge id=":junction_8" function="internal">
        <lane id=":junction_8_0" index="0" speed="6.51" length="9.03" shape="46.04,43.78 48.02,45.26 50.00,45.76 51.98,45.26 53.96,43.78"/>
    </edge>
    <edge id=":junction_9" function="internal">
        <lane id=":junction_9_0" index="0" speed="13.90" length="14.40" shape="46.04,43.78 56.22,53.96"/>
    </edge>
    <edge id=":junction_10" function="internal">
        <lane id=":junction_10_0" index="0" speed="8.00" length="4.07" shape="46.04,43.78 48.37,46.89 48.42,47.06"/>
    </edge>
    <edge id=":junction_11" function="internal">
        <lane id=":junction_11_0" index="0" speed="3.65" length="1.44" shape="46.04,43.78 46.32,45.19"/>
    </edge>
    <edge id=":junction_20" function="internal">
        <lane id=":junction_20_0" index="0" speed="8.00" length="10.13" shape="48.42,47.06 49.15,50.00 48.37,53.11 46.04,56.22"/>
    </edge>
    <edge id=":junction_21" function="internal">
        <lane id=":junction_21_0" index="0" speed="3.65" length="3.23" shape="46.32,45.19 46.04,46.04 45.19,46.32 43.78,46.04"/>
    </edge>
    <edge id=":junction_12" function="internal">
        <lane id=":junction_12_0" index="0" speed="6.51" length="9.03" shape="43.78,53.96 45.26,51.98 45.76,50.00 45.26,48.02 43.78,46.04"/>
    </edge>
    <edge id=":junction_13" function="internal">
        <lane id=":junction_13_0" index="0" speed="13.90" length="14.40" shape="43.78,53.96 53.96,43.78"/>
    </edge>
    <edge id=":junction_14" function="internal">
        <lane id=":junction_14_0" index="0" speed="8.00" length="4.07" shape="43.78,53.96 46.89,51.63 47.06,51.58"/>
    </edge>
    <edge id=":junction_15" function="internal">
        <lane id=":junction_15_0" index="0" speed="3.65" length="1.44" shape="43.78,53.96 45.19,53.68"/>
    </edge>
    <edge id=":junction_22" function="internal">
        <lane id=":junction_22_0" index="0" speed="8.00" length="10.13" shape="47.06,51.58 50.00,50.85 53.11,51.63 56.22,53.96"/>
    </edge>
    <edge id=":junction_23" function="internal">
        <lane id=":junction_23_0" index="0" speed="3.65" length="3.23" shape="45.19,53.68 46.04,53.96 46.32,54.81 46.04,56.22"/>
    </edge>

    <edge id="end1_junction" from="end1" to="junction" priority="1">
        <lane id="end1_junction_0" index="0" speed="13.90" length="63.51" shape="-1.13,98.87 43.78,53.96"/>
    </edge>
    <edge id="end2_junction" from="end2" to="junction" priority="1">
        <lane id="end2_junction_0" index="0" speed="13.90" length="63.51" shape="98.87,101.13 53.96,56.22"/>
    </edge>
    <edge id="end3_junction" from="end3" to="junction" priority="1">
        <lane id="end3_junction_0" index="0" speed="13.90" length="63.51" shape="101.13,1.13 56.22,46.04"/>
    </edge>
    <edge id="end4_junction" from="end4" to="junction" priority="1">
        <lane id="end4_junction_0" index="0" speed="13.90" length="63.51" shape="1.13,-1.13 46.04,43.78"/>
    </edge>
    <edge id="junction_end1" from="junction" to="end1" priority="1">
        <lane id="junction_end1_0" index="0" speed="13.90" length="63.51" shape="46.04,56.22 1.13,101.13"/>
    </edge>
    <edge id="junction_end2" from="junction" to="end2" priority="1">
        <lane id="junction_end2_0" index="0" speed="13.90" length="63.51" shape="56.22,53.96 101.13,98.87"/>
    </edge>
    <edge id="junction_end3" from="junction" to="end3" priority="1">
        <lane id="junction_end3_0" index="0" speed="13.90" length="63.51" shape="53.96,43.78 98.87,-1.13"/>
    </edge>
    <edge id="junction_end4" from="junction" to="end4" priority="1">
        <lane id="junction_end4_0" index="0" speed="13.90" length="63.51" shape="43.78,46.04 -1.13,1.13"/>
    </edge>

    <tlLogic id="junction" type="static" programID="0" offset="0">
        <phase duration="42" state="GGggrrrrGGggrrrr"/>
        <phase duration="3"  state="yyyyrrrryyyyrrrr"/>
        <phase duration="42" state="rrrrGGggrrrrGGgg"/>
        <phase duration="3"  state="rrrryyyyrrrryyyy"/>
    </tlLogic>

    <junction id="end1" type="priority" x="0.00" y="100.00" incLanes="junction_end1_0" intLanes=":end1_0_0" shape="0.00,100.00 2.26,102.26 0.00,100.00">
        <request index="0" response="0" foes="0" cont="0"/>
    </junction>
    <junction id="end2" type="priority" x="100.00" y="100.00" incLanes="junction_end2_0" intLanes=":end2_0_0" shape="100.00,100.00 102.26,97.74 100.00,100.00">
        <request index="0" response="0" foes="0" cont="0"/>
    </junction>
    <junction id="end3" type="priority" x="100.00" y="0.00" incLanes="junction_end3_0" intLanes=":end3_0_0" shape="100.00,0.00 97.74,-2.26 100.00,0.00">
        <request index="0" response="0" foes="0" cont="0"/>
    </junction>
    <junction id="end4" type="priority" x="0.00" y="0.00" incLanes="junction_end4_0" intLanes=":end4_0_0" shape="0.00,0.00 -2.26,2.26 0.00,0.00">
        <request index="0" response="0" foes="0" cont="0"/>
    </junction>
    <junction id="junction" type="traffic_light" x="50.00" y="50.00" incLanes="end2_junction_0 end3_junction_0 end4_junction_0 end1_junction_0" intLanes=":junction_0_0 :junction_1_0 :junction_16_0 :junction_17_0 :junction_4_0 :junction_5_0 :junction_18_0 :junction_19_0 :junction_8_0 :junction_9_0 :junction_20_0 :junction_21_0 :junction_12_0 :junction_13_0 :junction_22_0 :junction_23_0" shape="52.83,57.35 57.35,52.83 56.10,50.94 55.94,50.00 56.10,49.06 56.57,48.11 57.35,47.17 52.83,42.65 50.94,43.90 50.00,44.06 49.06,43.90 48.11,43.43 47.17,42.65 42.65,47.17 43.90,49.06 44.06,50.00 43.90,50.94 43.43,51.89 42.65,52.83 47.17,57.35 49.06,56.10 50.00,55.94 50.94,56.10 51.89,56.57">
        <request index="0"  response="0000000000000000" foes="1000010000100000" cont="0"/>
        <request index="1"  response="0100000001000000" foes="0111110001100000" cont="0"/>
        <request index="2"  response="0100011101000000" foes="0110011111100000" cont="1"/>
        <request index="3"  response="0100001000010000" foes="0100001000010000" cont="1"/>
        <request index="4"  response="0000001000000000" foes="0100001000001000" cont="0"/>
        <request index="5"  response="0000011000000111" foes="1100011000000111" cont="0"/>
        <request index="6"  response="0011011000000110" foes="0111111000000110" cont="1"/>
        <request index="7"  response="0010000100000100" foes="0010000100000100" cont="1"/>
        <request index="8"  response="0000000000000000" foes="0010000010000100" cont="0"/>
        <request index="9"  response="0100000001000000" foes="0110000001111100" cont="0"/>
        <request index="10" response="0100000001000011" foes="1110000001100111" cont="1"/>
        <request index="11" response="0001000001000010" foes="0001000001000010" cont="1"/>
        <request index="12" response="0000000000000010" foes="0000100001000010" cont="0"/>
        <request index="13" response="0000011100000110" foes="0000011111000110" cont="0"/>
        <request index="14" response="0000011001110110" foes="0000011001111110" cont="1"/>
        <request index="15" response="0000010000100001" foes="0000010000100001" cont="1"/>
    </junction>

    <junction id=":junction_16_0" type="internal" x="51.58" y="52.94" incLanes=":junction_2_0 end4_junction_0" intLanes=":junction_5_0 :junction_6_0 :junction_7_0 :junction_8_0 :junction_9_0 :junction_13_0 :junction_14_0"/>
    <junction id=":junction_17_0" type="internal" x="53.68" y="54.81" incLanes=":junction_3_0 end1_junction_0 end3_junction_0 end4_junction_0" intLanes=":junction_4_0 :junction_9_0 :junction_14_0"/>
    <junction id=":junction_18_0" type="internal" x="52.94" y="48.42" incLanes=":junction_6_0 end1_junction_0" intLanes=":junction_1_0 :junction_2_0 :junction_9_0 :junction_10_0 :junction_11_0 :junction_12_0 :junction_13_0"/>
    <junction id=":junction_19_0" type="internal" x="54.81" y="46.32" incLanes=":junction_7_0 end1_junction_0 end2_junction_0 end4_junction_0" intLanes=":junction_2_0 :junction_8_0 :junction_13_0"/>
    <junction id=":junction_20_0" type="internal" x="48.42" y="47.06" incLanes=":junction_10_0 end2_junction_0" intLanes=":junction_0_0 :junction_1_0 :junction_5_0 :junction_6_0 :junction_13_0 :junction_14_0 :junction_15_0"/>
    <junction id=":junction_21_0" type="internal" x="46.32" y="45.19" incLanes=":junction_11_0 end1_junction_0 end2_junction_0 end3_junction_0" intLanes=":junction_1_0 :junction_6_0 :junction_12_0"/>
    <junction id=":junction_22_0" type="internal" x="47.06" y="51.58" incLanes=":junction_14_0 end3_junction_0" intLanes=":junction_1_0 :junction_2_0 :junction_3_0 :junction_4_0 :junction_5_0 :junction_9_0 :junction_10_0"/>
    <junction id=":junction_23_0" type="internal" x="45.19" y="53.68" incLanes=":junction_15_0 end2_junction_0 end3_junction_0 end4_junction_0" intLanes=":junction_0_0 :junction_5_0 :junction_10_0"/>

    <connection from="end1_junction" to="junction_end4" fromLane="0" toLane="0" via=":junction_12_0" tl="junction" linkIndex="12" dir="r" state="o"/>
    <connection from="end1_junction" to="junction_end3" fromLane="0" toLane="0" via=":junction_13_0" tl="junction" linkIndex="13" dir="s" state="o"/>
    <connection from="end1_junction" to="junction_end2" fromLane="0" toLane="0" via=":junction_14_0" tl="junction" linkIndex="14" dir="l" state="o"/>
    <connection from="end1_junction" to="junction_end1" fromLane="0" toLane="0" via=":junction_15_0" tl="junction" linkIndex="15" dir="t" state="o"/>
    <connection from="end2_junction" to="junction_end1" fromLane="0" toLane="0" via=":junction_0_0" tl="junction" linkIndex="0" dir="r" state="O"/>
    <connection from="end2_junction" to="junction_end4" fromLane="0" toLane="0" via=":junction_1_0" tl="junction" linkIndex="1" dir="s" state="O"/>
    <connection from="end2_junction" to="junction_end3" fromLane="0" toLane="0" via=":junction_2_0" tl="junction" linkIndex="2" dir="l" state="o"/>
    <connection from="end2_junction" to="junction_end2" fromLane="0" toLane="0" via=":junction_3_0" tl="junction" linkIndex="3" dir="t" state="o"/>
    <connection from="end3_junction" to="junction_end2" fromLane="0" toLane="0" via=":junction_4_0" tl="junction" linkIndex="4" dir="r" state="o"/>
    <connection from="end3_junction" to="junction_end1" fromLane="0" toLane="0" via=":junction_5_0" tl="junction" linkIndex="5" dir="s" state="o"/>
    <connection from="end3_junction" to="junction_end4" fromLane="0" toLane="0" via=":junction_6_0" tl="junction" linkIndex="6" dir="l" state="o"/>
    <connection from="end3_junction" to="junction_end3" fromLane="0" toLane="0" via=":junction_7_0" tl="junction" linkIndex="7" dir="t" state="o"/>
    <connection from="end4_junction" to="junction_end3" fromLane="0" toLane="0" via=":junction_8_0" tl="junction" linkIndex="8" dir="r" state="O"/>
    <connection from="end4_junction" to="junction_end2" fromLane="0" toLane="0" via=":junction_9_0" tl="junction" linkIndex="9" dir="s" state="O"/>
    <connection from="end4_junction" to="junction_end1" fromLane="0" toLane="0" via=":junction_10_0" tl="junction" linkIndex="10" dir="l" state="o"/>
    <connection from="end4_junction" to="junction_end4" fromLane="0" toLane="0" via=":junction_11_0" tl="junction" linkIndex="11" dir="t" state="o"/>
    <connection from="junction_end1" to="end1_junction" fromLane="0" toLane="0" via=":end1_0_0" dir="t" state="M"/>
    <connection from="junction_end2" to="end2_junction" fromLane="0" toLane="0" via=":end2_0_0" dir="t" state="M"/>
    <connection from="junction_end3" to="end3_junction" fromLane="0" toLane="0" via=":end3_0_0" dir="t" state="M"/>
    <connection from="junction_end4" to="end4_junction" fromLane="0" toLane="0" via=":end4_0_0" dir="t" state="M"/>

    <connection from=":end1_0" to="end1_junction" fromLane="0" toLane="0" dir="t" state="M"/>
    <connection from=":end2_0" to="end2_junction" fromLane="0" toLane="0" dir="t" state="M"/>
    <connection from=":end3_0" to="end3_junction" fromLane="0" toLane="0" dir="t" state="M"/>
    <connection from=":end4_0" to="end4_junction" fromLane="0" toLane="0" dir="t" state="M"/>
    <connection from=":junction_0" to="junction_end1" fromLane="0" toLane="0" dir="r" state="M"/>
    <connection from=":junction_1" to="junction_end4" fromLane="0" toLane="0" dir="s" state="M"/>
    <connection from=":junction_2" to="junction_end3" fromLane="0" toLane="0" via=":junction_16_0" dir="l" state="m"/>
    <connection from=":junction_16" to="junction_end3" fromLane="0" toLane="0" dir="l" state="M"/>
    <connection from=":junction_3" to="junction_end2" fromLane="0" toLane="0" via=":junction_17_0" dir="t" state="m"/>
    <connection from=":junction_17" to="junction_end2" fromLane="0" toLane="0" dir="t" state="M"/>
    <connection from=":junction_4" to="junction_end2" fromLane="0" toLane="0" dir="r" state="M"/>
    <connection from=":junction_5" to="junction_end1" fromLane="0" toLane="0" dir="s" state="M"/>
    <connection from=":junction_6" to="junction_end4" fromLane="0" toLane="0" via=":junction_18_0" dir="l" state="m"/>
    <connection from=":junction_18" to="junction_end4" fromLane="0" toLane="0" dir="l" state="M"/>
    <connection from=":junction_7" to="junction_end3" fromLane="0" toLane="0" via=":junction_19_0" dir="t" state="m"/>
    <connection from=":junction_19" to="junction_end3" fromLane="0" toLane="0" dir="t" state="M"/>
    <connection from=":junction_8" to="junction_end3" fromLane="0" toLane="0" dir="r" state="M"/>
    <connection from=":junction_9" to="junction_end2" fromLane="0" toLane="0" dir="s" state="M"/>
    <connection from=":junction_10" to="junction_end1" fromLane="0" toLane="0" via=":junction_20_0" dir="l" state="m"/>
    <connection from=":junction_20" to="junction_end1" fromLane="0" toLane="0" dir="l" state="M"/>
    <connection from=":junction_11" to="junction_end4" fromLane="0" toLane="0" via=":junction_21_0" dir="t" state="m"/>
    <connection from=":junction_21" to="junction_end4" fromLane="0" toLane="0" dir="t" state="M"/>
    <connection from=":junction_12" to="junction_end4" fromLane="0" toLane="0" dir="r" state="M"/>
    <connection from=":junction_13" to="junction_end3" fromLane="0" toLane="0" dir="s" state="M"/>
    <connection from=":junction_14" to="junction_end2" fromLane="0" toLane="0" via=":junction_22_0" dir="l" state="m"/>
    <connection from=":junction_22" to="junction_end2" fromLane="0" toLane="0" dir="l" state="M"/>
    <connection from=":junction_15" to="junction_end1" fromLane="0" toLane="0" via=":junction_23_0" dir="t" state="m"/>
    <connection from=":junction_23" to="junction_end1" fromLane="0" toLane="0" dir="t" state="M"/>

</net>
