<additional>
    <!-- Central junction with 25 controlled connections -->
    <tlLogic id="junction" type="static" programID="default" offset="0">
        <phase duration="27" state="rrrrrGGgggrrrrrGGGggrrrrr"/>
        <phase duration="3"  state="rrrrryyyyyrrrrryyyyyrrrrr"/>
        <phase duration="27" state="rrrrrrrrrrGGgggrrrrrGGGgg"/>
        <phase duration="3"  state="rrrrrrrrrryyyyyrrrrryyyyy"/>
        <phase duration="27" state="GGGGGrrrrrrrrrrrrrrrrrrrr"/>
        <phase duration="3"  state="yyyyyrrrrrrrrrrrrrrrrrrrr"/>
    </tlLogic>

    <tlLogic id="int1" type="static" programID="default" offset="0">
        <phase duration="82" state="G"/>
        <phase duration="3"  state="y"/>
        <phase duration="5"  state="r"/>
    </tlLogic>

    <tlLogic id="int2" type="static" programID="default" offset="0">
        <phase duration="82" state="G"/>
        <phase duration="3"  state="y"/>
        <phase duration="5"  state="r"/>
    </tlLogic>
</additional>
