<?xml version="1.0" encoding="UTF-8"?>

<!-- generated on 2025-05-06 23:05:02 by Eclipse SUMO netconvert Version 1.22.0
<netconvertConfiguration xmlns:xsi="http://www.w3.org/2001/XMLSchema-instance" xsi:noNamespaceSchemaLocation="http://sumo.dlr.de/xsd/netconvertConfiguration.xsd">

    <input>
        <node-files value="intelligent_traffic.nod.xml"/>
        <edge-files value="intelligent_traffic.edg.xml"/>
        <type-files value="intelligent_traffic.typ.xml"/>
    </input>

    <output>
        <output-file value="intelligent_traffic.net.xml"/>
    </output>

</netconvertConfiguration>
-->

<net version="1.20" junctionCornerDetail="5" limitTurnSpeed="5.50" xmlns:xsi="http://www.w3.org/2001/XMLSchema-instance" xsi:noNamespaceSchemaLocation="http://sumo.dlr.de/xsd/net_file.xsd">

    <location netOffset="50.00,0.00" convBoundary="0.00,0.00,200.00,100.00" origBoundary="-50.00,0.00,150.00,100.00" projParameter="!"/>

    <type id="car" priority="1" numLanes="1" speed="13.90"/>
    <type id="pedestrian" priority="1" numLanes="1" speed="1.40"/>

    <edge id=":end1_0" function="internal">
        <lane id=":end1_0_0" index="0" speed="6.08" length="7.76" shape="52.19,100.07 50.95,100.75 49.43,100.60 47.63,99.62 45.55,97.81"/>
    </edge>
    <edge id=":end1_1" function="internal">
        <lane id=":end1_1_0" index="0" speed="3.65" length="4.67" shape="52.19,100.07 50.78,100.35 49.93,100.07 49.65,99.22 49.93,97.81"/>
    </edge>
    <edge id=":end2_0" function="internal">
        <lane id=":end2_0_0" index="0" speed="3.65" length="4.67" shape="151.13,98.87 151.41,100.28 151.13,101.13 150.28,101.41 148.87,101.13"/>
    </edge>
    <edge id=":end3_0" function="internal">
        <lane id=":end3_0_0" index="0" speed="3.65" length="4.67" shape="148.87,-1.13 150.28,-1.41 151.13,-1.13 151.41,-0.28 151.13,1.13"/>
    </edge>
    <edge id=":end4_0" function="internal">
        <lane id=":end4_0_0" index="0" speed="3.65" length="1.44" shape="61.28,13.54 61.00,12.13"/>
    </edge>
    <edge id=":end4_2" function="internal">
        <lane id=":end4_2_0" index="0" speed="3.65" length="3.23" shape="61.00,12.13 61.28,11.28 62.13,11.00 63.54,11.28"/>
    </edge>
    <edge id=":end4_1" function="internal">
        <lane id=":end4_1_0" index="0" speed="5.60" length="11.85" shape="66.15,7.07 62.15,6.05 60.39,6.42 60.85,8.16 63.54,11.28"/>
    </edge>
    <edge id=":int1_0" function="internal">
        <lane id=":int1_0_0" index="0" speed="4.12" length="4.78" shape="-1.13,51.13 -2.08,49.94 -2.21,49.08 -1.52,48.57 0.00,48.40"/>
    </edge>
    <edge id=":int2_0" function="internal">
        <lane id=":int2_0_0" index="0" speed="5.11" length="10.10" shape="199.74,48.40 196.11,48.59 194.82,49.16 195.86,50.11 199.25,51.44"/>
    </edge>
    <edge id=":junction_0" function="internal">
        <lane id=":junction_0_0" index="0" speed="6.51" length="9.03" shape="103.96,56.22 101.98,54.74 100.00,54.24 98.02,54.74 96.04,56.22"/>
    </edge>
    <edge id=":junction_1" function="internal">
        <lane id=":junction_1_0" index="0" speed="13.90" length="18.93" shape="103.96,56.22 90.58,42.84"/>
    </edge>
    <edge id=":junction_2" function="internal">
        <lane id=":junction_2_0" index="0" speed="8.94" length="3.41" shape="103.96,56.22 102.11,53.36"/>
    </edge>
    <edge id=":junction_3" function="internal">
        <lane id=":junction_3_0" index="0" speed="6.96" length="3.92" shape="103.96,56.22 101.68,53.03"/>
    </edge>
    <edge id=":junction_4" function="internal">
        <lane id=":junction_4_0" index="0" speed="3.65" length="1.44" shape="103.96,56.22 103.68,54.81"/>
    </edge>
    <edge id=":junction_25" function="internal">
        <lane id=":junction_25_0" index="0" speed="8.94" length="14.58" shape="102.11,53.36 101.83,52.91 101.65,49.20 103.43,45.09 107.16,40.58"/>
    </edge>
    <edge id=":junction_26" function="internal">
        <lane id=":junction_26_0" index="0" speed="6.96" length="12.83" shape="101.68,53.03 101.51,52.80 101.99,50.36 105.39,48.89 111.73,48.40"/>
    </edge>
    <edge id=":junction_27" function="internal">
        <lane id=":junction_27_0" index="0" speed="3.65" length="3.23" shape="103.68,54.81 103.96,53.96 104.81,53.68 106.22,53.96"/>
    </edge>
    <edge id=":junction_5" function="internal">
        <lane id=":junction_5_0" index="0" speed="5.47" length="9.74" shape="109.42,42.84 107.48,45.27 107.22,47.01 108.63,48.05 111.73,48.40"/>
    </edge>
    <edge id=":junction_6" function="internal">
        <lane id=":junction_6_0" index="0" speed="7.65" length="12.89" shape="109.42,42.84 106.54,46.22 105.04,49.20 104.94,51.78 106.22,53.96"/>
    </edge>
    <edge id=":junction_7" function="internal">
        <lane id=":junction_7_0" index="0" speed="13.90" length="18.93" shape="109.42,42.84 96.04,56.22"/>
    </edge>
    <edge id=":junction_8" function="internal">
        <lane id=":junction_8_0" index="0" speed="9.73" length="9.63" shape="109.42,42.84 104.71,46.37 101.09,47.28"/>
    </edge>
    <edge id=":junction_9" function="internal">
        <lane id=":junction_9_0" index="0" speed="3.65" length="1.44" shape="109.42,42.84 108.01,43.12"/>
    </edge>
    <edge id=":junction_28" function="internal">
        <lane id=":junction_28_0" index="0" speed="9.73" length="11.87" shape="101.09,47.28 100.00,47.55 95.29,46.37 90.58,42.84"/>
    </edge>
    <edge id=":junction_29" function="internal">
        <lane id=":junction_29_0" index="0" speed="3.65" length="3.23" shape="108.01,43.12 107.16,42.84 106.88,41.99 107.16,40.58"/>
    </edge>
    <edge id=":junction_10" function="internal">
        <lane id=":junction_10_0" index="0" speed="8.54" length="16.33" shape="92.84,40.58 96.42,43.26 100.00,44.16 103.58,43.26 107.16,40.58"/>
    </edge>
    <edge id=":junction_11" function="internal">
        <lane id=":junction_11_0" index="0" speed="13.90" length="20.98" shape="92.84,40.58 96.95,44.00 101.47,46.44 106.40,47.91 111.73,48.40"/>
    </edge>
    <edge id=":junction_12" function="internal">
        <lane id=":junction_12_0" index="0" speed="13.90" length="18.93" shape="92.84,40.58 106.22,53.96"/>
    </edge>
    <edge id=":junction_13" function="internal">
        <lane id=":junction_13_0" index="0" speed="8.94" length="6.18" shape="92.84,40.58 96.57,45.09 96.70,45.38"/>
    </edge>
    <edge id=":junction_14" function="internal">
        <lane id=":junction_14_0" index="0" speed="3.65" length="1.44" shape="92.84,40.58 93.12,41.99"/>
    </edge>
    <edge id=":junction_30" function="internal">
        <lane id=":junction_30_0" index="0" speed="8.94" length="11.81" shape="96.70,45.38 98.35,49.20 98.17,52.91 96.04,56.22"/>
    </edge>
    <edge id=":junction_31" function="internal">
        <lane id=":junction_31_0" index="0" speed="3.65" length="3.23" shape="93.12,41.99 92.84,42.84 91.99,43.12 90.58,42.84"/>
    </edge>
    <edge id=":junction_15" function="internal">
        <lane id=":junction_15_0" index="0" speed="5.47" length="9.74" shape="88.27,48.40 91.37,48.05 92.78,47.01 92.52,45.27 90.58,42.84"/>
    </edge>
    <edge id=":junction_16" function="internal">
        <lane id=":junction_16_0" index="0" speed="13.90" length="20.72" shape="88.27,48.40 92.84,47.67 98.27,45.81 103.42,43.29 107.16,40.58"/>
    </edge>
    <edge id=":junction_17" function="internal">
        <lane id=":junction_17_0" index="0" speed="13.90" length="23.45" shape="88.27,48.40 111.73,48.40"/>
    </edge>
    <edge id=":junction_18" function="internal">
        <lane id=":junction_18_0" index="0" speed="13.90" length="11.09" shape="88.27,48.40 94.04,48.75 98.96,49.79 99.22,49.90"/>
    </edge>
    <edge id=":junction_19" function="internal">
        <lane id=":junction_19_0" index="0" speed="6.96" length="10.81" shape="88.27,48.40 94.61,48.89 98.01,50.36 98.15,51.09"/>
    </edge>
    <edge id=":junction_32" function="internal">
        <lane id=":junction_32_0" index="0" speed="13.90" length="8.16" shape="99.22,49.90 103.02,51.53 106.22,53.96"/>
    </edge>
    <edge id=":junction_33" function="internal">
        <lane id=":junction_33_0" index="0" speed="6.96" length="5.95" shape="98.15,51.09 98.49,52.80 96.04,56.22"/>
    </edge>
    <edge id=":junction_20" function="internal">
        <lane id=":junction_20_0" index="0" speed="7.65" length="12.89" shape="93.78,53.96 95.06,51.78 94.96,49.20 93.46,46.22 90.58,42.84"/>
    </edge>
    <edge id=":junction_21" function="internal">
        <lane id=":junction_21_0" index="0" speed="13.90" length="18.93" shape="93.78,53.96 107.16,40.58"/>
    </edge>
    <edge id=":junction_22" function="internal">
        <lane id=":junction_22_0" index="0" speed="13.90" length="19.24" shape="93.78,53.96 96.98,51.53 101.04,49.79 105.96,48.75 111.73,48.40"/>
    </edge>
    <edge id=":junction_23" function="internal">
        <lane id=":junction_23_0" index="0" speed="8.00" length="14.19" shape="93.78,53.96 96.89,51.63 100.00,50.85 103.11,51.63 106.22,53.96"/>
    </edge>
    <edge id=":junction_24" function="internal">
        <lane id=":junction_24_0" index="0" speed="3.65" length="1.44" shape="93.78,53.96 95.19,53.68"/>
    </edge>
    <edge id=":junction_34" function="internal">
        <lane id=":junction_34_0" index="0" speed="3.65" length="3.23" shape="95.19,53.68 96.04,53.96 96.32,54.81 96.04,56.22"/>
    </edge>
    <edge id=":p1_0" function="internal">
        <lane id=":p1_0_0" index="0" speed="1.40" length="2.58" shape="91.60,56.80 91.70,57.50 92.00,58.00 92.50,58.30 93.20,58.40"/>
    </edge>
    <edge id=":p2_0" function="internal">
        <lane id=":p2_0_0" index="0" speed="1.40" length="2.58" shape="106.80,58.40 107.50,58.30 108.00,58.00 108.30,57.50 108.40,56.80"/>
    </edge>
    <edge id=":p3_0" function="internal">
        <lane id=":p3_0_0" index="0" speed="1.40" length="2.58" shape="108.40,43.20 108.30,42.50 108.00,42.00 107.50,41.70 106.80,41.60"/>
    </edge>
    <edge id=":p4_0" function="internal">
        <lane id=":p4_0_0" index="0" speed="1.40" length="2.58" shape="93.20,41.60 92.50,41.70 92.00,42.00 91.70,42.50 91.60,43.20"/>
    </edge>

    <edge id="end1_int1" from="end1" to="int1" priority="1" type="car">
        <lane id="end1_int1_0" index="0" speed="13.90" length="66.01" shape="45.55,97.81 -1.13,51.13"/>
    </edge>
    <edge id="end1_junction" from="end1" to="junction" priority="1" type="car">
        <lane id="end1_junction_0" index="0" speed="13.90" length="62.01" shape="49.93,97.81 93.78,53.96"/>
    </edge>
    <edge id="end2_junction" from="end2" to="junction" priority="1" type="car">
        <lane id="end2_junction_0" index="0" speed="13.90" length="63.51" shape="148.87,101.13 103.96,56.22"/>
    </edge>
    <edge id="end3_junction" from="end3" to="junction" priority="1" type="car">
        <lane id="end3_junction_0" index="0" speed="13.90" length="58.99" shape="151.13,1.13 109.42,42.84"/>
    </edge>
    <edge id="end4_junction" from="end4" to="junction" priority="1" type="car">
        <lane id="end4_junction_0" index="0" speed="13.90" length="41.43" shape="63.54,11.28 92.84,40.58"/>
    </edge>
    <edge id="int1_junction" from="int1" to="junction" priority="1" type="car">
        <lane id="int1_junction_0" index="0" speed="13.90" length="88.27" shape="0.00,48.40 88.27,48.40"/>
    </edge>
    <edge id="int2_end4" from="int2" to="end4" priority="1" type="car">
        <lane id="int2_end4_0" index="0" speed="13.90" length="140.30" shape="199.25,51.44 66.15,7.07"/>
    </edge>
    <edge id="junction_end1" from="junction" to="end1" priority="1" type="car">
        <lane id="junction_end1_0" index="0" speed="13.90" length="62.01" shape="96.04,56.22 52.19,100.07"/>
    </edge>
    <edge id="junction_end2" from="junction" to="end2" priority="1" type="car">
        <lane id="junction_end2_0" index="0" speed="13.90" length="63.51" shape="106.22,53.96 151.13,98.87"/>
    </edge>
    <edge id="junction_end3" from="junction" to="end3" priority="1" type="car">
        <lane id="junction_end3_0" index="0" speed="13.90" length="58.99" shape="107.16,40.58 148.87,-1.13"/>
    </edge>
    <edge id="junction_end4" from="junction" to="end4" priority="1" type="car">
        <lane id="junction_end4_0" index="0" speed="13.90" length="41.43" shape="90.58,42.84 61.28,13.54"/>
    </edge>
    <edge id="junction_int2" from="junction" to="int2" priority="1" type="car">
        <lane id="junction_int2_0" index="0" speed="13.90" length="88.01" shape="111.73,48.40 199.74,48.40"/>
    </edge>
    <edge id="walk_p1_p2" from="p1" to="p2" priority="1" type="pedestrian">
        <lane id="walk_p1_p2_0" index="0" speed="1.40" length="13.60" shape="93.20,58.40 106.80,58.40"/>
    </edge>
    <edge id="walk_p2_p3" from="p2" to="p3" priority="1" type="pedestrian">
        <lane id="walk_p2_p3_0" index="0" speed="1.40" length="13.60" shape="108.40,56.80 108.40,43.20"/>
    </edge>
    <edge id="walk_p3_p4" from="p3" to="p4" priority="1" type="pedestrian">
        <lane id="walk_p3_p4_0" index="0" speed="1.40" length="13.60" shape="106.80,41.60 93.20,41.60"/>
    </edge>
    <edge id="walk_p4_p1" from="p4" to="p1" priority="1" type="pedestrian">
        <lane id="walk_p4_p1_0" index="0" speed="1.40" length="13.60" shape="91.60,43.20 91.60,56.80"/>
    </edge>

    <tlLogic id="int1" type="static" programID="0" offset="0">
        <phase duration="82" state="G"/>
        <phase duration="3"  state="y"/>
        <phase duration="5"  state="r"/>
    </tlLogic>
    <tlLogic id="int2" type="static" programID="0" offset="0">
        <phase duration="82" state="G"/>
        <phase duration="3"  state="y"/>
        <phase duration="5"  state="r"/>
    </tlLogic>
    <tlLogic id="junction" type="static" programID="0" offset="0">
        <phase duration="27" state="GGgggrrrrrGGGggrrrrrrrrrr"/>
        <phase duration="3"  state="yyyyyrrrrryyyyyrrrrrrrrrr"/>
        <phase duration="27" state="rrrrrggGggrrrrrGGgggrrrrr"/>
        <phase duration="3"  state="rrrrryyyyyrrrrryyyyyrrrrr"/>
        <phase duration="27" state="GrrrrrrrrrrrrrrrrrrrGGGGg"/>
        <phase duration="3"  state="Grrrrrrrrrrrrrrrrrrryyyyy"/>
    </tlLogic>

    <junction id="end1" type="priority" x="50.00" y="100.00" incLanes="junction_end1_0" intLanes=":end1_0_0 :end1_1_0" shape="53.32,101.20 48.80,96.68 48.09,97.15 47.74,97.21 47.38,97.15 47.03,96.97 46.68,96.68 44.41,98.94 46.21,100.55 47.89,101.67 49.43,102.30 50.86,102.43 52.15,102.06">
        <request index="0" response="00" foes="00" cont="0"/>
        <request index="1" response="00" foes="00" cont="0"/>
    </junction>
    <junction id="end2" type="priority" x="150.00" y="100.00" incLanes="junction_end2_0" intLanes=":end2_0_0" shape="150.00,100.00 152.26,97.74 150.00,100.00">
        <request index="0" response="0" foes="0" cont="0"/>
    </junction>
    <junction id="end3" type="priority" x="150.00" y="0.00" incLanes="junction_end3_0" intLanes=":end3_0_0" shape="150.00,0.00 147.74,-2.26 150.00,0.00">
        <request index="0" response="0" foes="0" cont="0"/>
    </junction>
    <junction id="end4" type="priority" x="50.00" y="0.00" incLanes="junction_end4_0 int2_end4_0" intLanes=":end4_2_0 :end4_1_0" shape="60.15,14.68 64.68,10.15 65.64,8.59 66.65,5.55 59.96,3.63 55.51,3.09 53.31,3.93 53.34,6.13 55.63,9.72">
        <request index="0" response="10" foes="10" cont="1"/>
        <request index="1" response="00" foes="01" cont="0"/>
    </junction>
    <junction id="int1" type="traffic_light" x="0.00" y="50.00" incLanes="end1_int1_0" intLanes=":int1_0_0" shape="-2.26,52.26 0.00,50.00 0.00,46.80 -2.21,46.95 -3.68,47.41 -4.43,48.17 -4.44,49.23 -3.72,50.59">
        <request index="0" response="0" foes="0" cont="0"/>
    </junction>
    <junction id="int2" type="traffic_light" x="200.00" y="50.00" incLanes="junction_int2_0" intLanes=":int2_0_0" shape="200.00,50.00 198.99,53.04 200.00,46.80">
        <request index="0" response="0" foes="0" cont="0"/>
    </junction>
    <junction id="junction" type="traffic_light" x="100.00" y="50.00" incLanes="end2_junction_0 end3_junction_0 end4_junction_0 int1_junction_0 end1_junction_0" intLanes=":junction_0_0 :junction_1_0 :junction_25_0 :junction_26_0 :junction_27_0 :junction_5_0 :junction_6_0 :junction_7_0 :junction_28_0 :junction_29_0 :junction_10_0 :junction_11_0 :junction_12_0 :junction_30_0 :junction_31_0 :junction_15_0 :junction_16_0 :junction_17_0 :junction_32_0 :junction_33_0 :junction_20_0 :junction_21_0 :junction_22_0 :junction_23_0 :junction_34_0" shape="102.83,57.35 107.35,52.83 106.58,51.26 107.03,50.71 108.04,50.31 109.60,50.08 111.73,50.00 111.73,46.80 109.82,46.49 109.43,46.09 109.43,45.54 109.80,44.84 110.55,43.97 106.03,39.45 104.02,41.12 102.01,42.13 100.00,42.46 97.99,42.13 95.98,41.12 93.97,39.45 89.45,43.97 90.57,45.54 90.57,46.09 90.18,46.49 89.42,46.72 88.27,46.80 88.27,50.00 90.40,50.08 91.96,50.31 92.97,50.71 93.42,51.26 93.31,51.96 92.65,52.83 97.17,57.35 99.06,56.10 100.00,55.94 100.94,56.10 101.89,56.57">
        <request index="0"  response="0000010000000000000000000" foes="1000010000010000010000000" cont="0"/>
        <request index="1"  response="0000001000000000100000000" foes="0111101111110000110000000" cont="0"/>
        <request index="2"  response="0000001000001110100000000" foes="0111001110001111110000000" cont="1"/>
        <request index="3"  response="0000001000001100000000000" foes="0110001100001100001100000" cont="1"/>
        <request index="4"  response="0100001000001000001000000" foes="0100001000001000001000000" cont="1"/>
        <request index="5"  response="0000000100000100000001000" foes="0010000100000100000001000" cont="0"/>
        <request index="6"  response="0000000100001100000001000" foes="0110001100001100000011000" cont="0"/>
        <request index="7"  response="0000000000011100000000111" foes="1110011100011100000000111" cont="0"/>
        <request index="8"  response="0001101011011100000000110" foes="0011101011111100000000110" cont="1"/>
        <request index="9"  response="0001000010000010000000100" foes="0001000010000010000000100" cont="1"/>
        <request index="10" response="0000000000000000000000000" foes="0001000010000001000000100" cont="0"/>
        <request index="11" response="0000000000000000100000000" foes="0011000110000000111101100" cont="0"/>
        <request index="12" response="0000001000000000100000000" foes="0111001110000000111011100" cont="0"/>
        <request index="13" response="0000011000000000100000011" foes="1111011110000000110000011" cont="1"/>
        <request index="14" response="0000100001000000100000010" foes="0000100001000000100000010" cont="1"/>
        <request index="15" response="0000000000000000000000010" foes="0000100000100000100000010" cont="0"/>
        <request index="16" response="0001000000011110000000110" foes="0001100000011111100000110" cont="0"/>
        <request index="17" response="0000000000011100010001110" foes="0011100000011100011101110" cont="0"/>
        <request index="18" response="0001000000011000011001110" foes="0111100000011000111011110" cont="1"/>
        <request index="19" response="0001000000010000010000001" foes="1111100000010000010000001" cont="1"/>
        <request index="20" response="0000011111000000100000010" foes="0000011111100000100000010" cont="0"/>
        <request index="21" response="0000011100011110100000110" foes="0000011110011111100000110" cont="0"/>
        <request index="22" response="0000011100011100111101110" foes="0000011100011100111101110" cont="0"/>
        <request index="23" response="0000011000011000011001110" foes="0000011000011000011011110" cont="0"/>
        <request index="24" response="0000010000010000010000001" foes="0000010000010000010000001" cont="1"/>
    </junction>
    <junction id="p1" type="priority" x="90.00" y="60.00" incLanes="walk_p4_p1_0" intLanes=":p1_0_0" shape="93.20,60.00 93.20,56.80 90.00,56.80 90.36,58.58 90.80,59.20 91.42,59.64 92.22,59.91">
        <request index="0" response="0" foes="0" cont="0"/>
    </junction>
    <junction id="p2" type="priority" x="110.00" y="60.00" incLanes="walk_p1_p2_0" intLanes=":p2_0_0" shape="110.00,56.80 106.80,56.80 106.80,60.00 108.58,59.64 109.20,59.20 109.64,58.58 109.91,57.78">
        <request index="0" response="0" foes="0" cont="0"/>
    </junction>
    <junction id="p3" type="priority" x="110.00" y="40.00" incLanes="walk_p2_p3_0" intLanes=":p3_0_0" shape="106.80,43.20 110.00,43.20 109.64,41.42 109.20,40.80 108.58,40.36 107.78,40.09 106.80,40.00">
        <request index="0" response="0" foes="0" cont="0"/>
    </junction>
    <junction id="p4" type="priority" x="90.00" y="40.00" incLanes="walk_p3_p4_0" intLanes=":p4_0_0" shape="90.00,43.20 93.20,43.20 93.20,40.00 91.42,40.36 90.80,40.80 90.36,41.42 90.09,42.22">
        <request index="0" response="0" foes="0" cont="0"/>
    </junction>

    <junction id=":end4_2_0" type="internal" x="61.00" y="12.13" incLanes=":end4_0_0 int2_end4_0" intLanes=":end4_1_0"/>
    <junction id=":junction_25_0" type="internal" x="102.11" y="53.36" incLanes=":junction_2_0 end4_junction_0" intLanes=":junction_7_0 :junction_8_0 :junction_9_0 :junction_10_0 :junction_11_0 :junction_12_0 :junction_16_0 :junction_17_0 :junction_18_0 :junction_21_0 :junction_22_0 :junction_23_0"/>
    <junction id=":junction_26_0" type="internal" x="101.68" y="53.03" incLanes=":junction_3_0 end4_junction_0" intLanes=":junction_5_0 :junction_6_0 :junction_11_0 :junction_12_0 :junction_17_0 :junction_18_0 :junction_22_0 :junction_23_0"/>
    <junction id=":junction_27_0" type="internal" x="103.68" y="54.81" incLanes=":junction_4_0 end1_junction_0 end3_junction_0 end4_junction_0 int1_junction_0" intLanes=":junction_6_0 :junction_12_0 :junction_18_0 :junction_23_0"/>
    <junction id=":junction_28_0" type="internal" x="101.09" y="47.28" incLanes=":junction_8_0 int1_junction_0" intLanes=":junction_1_0 :junction_2_0 :junction_11_0 :junction_12_0 :junction_13_0 :junction_14_0 :junction_15_0 :junction_16_0 :junction_20_0 :junction_21_0"/>
    <junction id=":junction_29_0" type="internal" x="108.01" y="43.12" incLanes=":junction_9_0 end1_junction_0 end2_junction_0 end4_junction_0 int1_junction_0" intLanes=":junction_2_0 :junction_10_0 :junction_16_0 :junction_21_0"/>
    <junction id=":junction_30_0" type="internal" x="96.70" y="45.38" incLanes=":junction_13_0 end2_junction_0" intLanes=":junction_0_0 :junction_1_0 :junction_7_0 :junction_8_0 :junction_16_0 :junction_17_0 :junction_18_0 :junction_19_0 :junction_21_0 :junction_22_0 :junction_23_0 :junction_24_0"/>
    <junction id=":junction_31_0" type="internal" x="93.12" y="41.99" incLanes=":junction_14_0 end1_junction_0 end2_junction_0 end3_junction_0 int1_junction_0" intLanes=":junction_1_0 :junction_8_0 :junction_15_0 :junction_20_0"/>
    <junction id=":junction_32_0" type="internal" x="99.22" y="49.90" incLanes=":junction_18_0 end3_junction_0" intLanes=":junction_1_0 :junction_2_0 :junction_3_0 :junction_4_0 :junction_6_0 :junction_7_0 :junction_12_0 :junction_13_0 :junction_20_0 :junction_21_0 :junction_22_0 :junction_23_0"/>
    <junction id=":junction_33_0" type="internal" x="98.15" y="51.09" incLanes=":junction_19_0 end3_junction_0" intLanes=":junction_0_0 :junction_7_0 :junction_13_0 :junction_20_0 :junction_21_0 :junction_22_0 :junction_23_0 :junction_24_0"/>
    <junction id=":junction_34_0" type="internal" x="95.19" y="53.68" incLanes=":junction_24_0 end2_junction_0 end3_junction_0 end4_junction_0 int1_junction_0" intLanes=":junction_0_0 :junction_7_0 :junction_13_0 :junction_19_0"/>

    <connection from="end1_int1" to="int1_junction" fromLane="0" toLane="0" via=":int1_0_0" tl="int1" linkIndex="0" dir="l" state="O"/>
    <connection from="end1_junction" to="junction_end4" fromLane="0" toLane="0" via=":junction_20_0" tl="junction" linkIndex="20" dir="r" state="o"/>
    <connection from="end1_junction" to="junction_end3" fromLane="0" toLane="0" via=":junction_21_0" tl="junction" linkIndex="21" dir="s" state="o"/>
    <connection from="end1_junction" to="junction_int2" fromLane="0" toLane="0" via=":junction_22_0" tl="junction" linkIndex="22" dir="L" state="o"/>
    <connection from="end1_junction" to="junction_end2" fromLane="0" toLane="0" via=":junction_23_0" tl="junction" linkIndex="23" dir="l" state="o"/>
    <connection from="end1_junction" to="junction_end1" fromLane="0" toLane="0" via=":junction_24_0" tl="junction" linkIndex="24" dir="t" state="o"/>
    <connection from="end2_junction" to="junction_end1" fromLane="0" toLane="0" via=":junction_0_0" tl="junction" linkIndex="0" dir="r" state="O"/>
    <connection from="end2_junction" to="junction_end4" fromLane="0" toLane="0" via=":junction_1_0" tl="junction" linkIndex="1" dir="s" state="O"/>
    <connection from="end2_junction" to="junction_end3" fromLane="0" toLane="0" via=":junction_2_0" tl="junction" linkIndex="2" dir="L" state="o"/>
    <connection from="end2_junction" to="junction_int2" fromLane="0" toLane="0" via=":junction_3_0" tl="junction" linkIndex="3" dir="l" state="o"/>
    <connection from="end2_junction" to="junction_end2" fromLane="0" toLane="0" via=":junction_4_0" tl="junction" linkIndex="4" dir="t" state="o"/>
    <connection from="end3_junction" to="junction_int2" fromLane="0" toLane="0" via=":junction_5_0" tl="junction" linkIndex="5" dir="r" state="o"/>
    <connection from="end3_junction" to="junction_end2" fromLane="0" toLane="0" via=":junction_6_0" tl="junction" linkIndex="6" dir="R" state="o"/>
    <connection from="end3_junction" to="junction_end1" fromLane="0" toLane="0" via=":junction_7_0" tl="junction" linkIndex="7" dir="s" state="o"/>
    <connection from="end3_junction" to="junction_end4" fromLane="0" toLane="0" via=":junction_8_0" tl="junction" linkIndex="8" dir="l" state="o"/>
    <connection from="end3_junction" to="junction_end3" fromLane="0" toLane="0" via=":junction_9_0" tl="junction" linkIndex="9" dir="t" state="o"/>
    <connection from="end4_junction" to="junction_end3" fromLane="0" toLane="0" via=":junction_10_0" tl="junction" linkIndex="10" dir="r" state="O"/>
    <connection from="end4_junction" to="junction_int2" fromLane="0" toLane="0" via=":junction_11_0" tl="junction" linkIndex="11" dir="R" state="O"/>
    <connection from="end4_junction" to="junction_end2" fromLane="0" toLane="0" via=":junction_12_0" tl="junction" linkIndex="12" dir="s" state="O"/>
    <connection from="end4_junction" to="junction_end1" fromLane="0" toLane="0" via=":junction_13_0" tl="junction" linkIndex="13" dir="l" state="o"/>
    <connection from="end4_junction" to="junction_end4" fromLane="0" toLane="0" via=":junction_14_0" tl="junction" linkIndex="14" dir="t" state="o"/>
    <connection from="int1_junction" to="junction_end4" fromLane="0" toLane="0" via=":junction_15_0" tl="junction" linkIndex="15" dir="r" state="o"/>
    <connection from="int1_junction" to="junction_end3" fromLane="0" toLane="0" via=":junction_16_0" tl="junction" linkIndex="16" dir="R" state="o"/>
    <connection from="int1_junction" to="junction_int2" fromLane="0" toLane="0" via=":junction_17_0" tl="junction" linkIndex="17" dir="s" state="o"/>
    <connection from="int1_junction" to="junction_end2" fromLane="0" toLane="0" via=":junction_18_0" tl="junction" linkIndex="18" dir="L" state="o"/>
    <connection from="int1_junction" to="junction_end1" fromLane="0" toLane="0" via=":junction_19_0" tl="junction" linkIndex="19" dir="l" state="o"/>
    <connection from="int2_end4" to="end4_junction" fromLane="0" toLane="0" via=":end4_1_0" dir="r" state="M"/>
    <connection from="junction_end1" to="end1_int1" fromLane="0" toLane="0" via=":end1_0_0" dir="l" state="M"/>
    <connection from="junction_end1" to="end1_junction" fromLane="0" toLane="0" via=":end1_1_0" dir="t" state="M"/>
    <connection from="junction_end2" to="end2_junction" fromLane="0" toLane="0" via=":end2_0_0" dir="t" state="M"/>
    <connection from="junction_end3" to="end3_junction" fromLane="0" toLane="0" via=":end3_0_0" dir="t" state="M"/>
    <connection from="junction_end4" to="end4_junction" fromLane="0" toLane="0" via=":end4_0_0" dir="t" state="m"/>
    <connection from="junction_int2" to="int2_end4" fromLane="0" toLane="0" via=":int2_0_0" tl="int2" linkIndex="0" dir="r" state="O"/>
    <connection from="walk_p1_p2" to="walk_p2_p3" fromLane="0" toLane="0" via=":p2_0_0" dir="r" state="M"/>
    <connection from="walk_p2_p3" to="walk_p3_p4" fromLane="0" toLane="0" via=":p3_0_0" dir="r" state="M"/>
    <connection from="walk_p3_p4" to="walk_p4_p1" fromLane="0" toLane="0" via=":p4_0_0" dir="r" state="M"/>
    <connection from="walk_p4_p1" to="walk_p1_p2" fromLane="0" toLane="0" via=":p1_0_0" dir="r" state="M"/>

    <connection from=":end1_0" to="end1_int1" fromLane="0" toLane="0" dir="l" state="M"/>
    <connection from=":end1_1" to="end1_junction" fromLane="0" toLane="0" dir="t" state="M"/>
    <connection from=":end2_0" to="end2_junction" fromLane="0" toLane="0" dir="t" state="M"/>
    <connection from=":end3_0" to="end3_junction" fromLane="0" toLane="0" dir="t" state="M"/>
    <connection from=":end4_0" to="end4_junction" fromLane="0" toLane="0" via=":end4_2_0" dir="t" state="m"/>
    <connection from=":end4_2" to="end4_junction" fromLane="0" toLane="0" dir="t" state="M"/>
    <connection from=":end4_1" to="end4_junction" fromLane="0" toLane="0" dir="r" state="M"/>
    <connection from=":int1_0" to="int1_junction" fromLane="0" toLane="0" dir="l" state="M"/>
    <connection from=":int2_0" to="int2_end4" fromLane="0" toLane="0" dir="r" state="M"/>
    <connection from=":junction_0" to="junction_end1" fromLane="0" toLane="0" dir="r" state="M"/>
    <connection from=":junction_1" to="junction_end4" fromLane="0" toLane="0" dir="s" state="M"/>
    <connection from=":junction_2" to="junction_end3" fromLane="0" toLane="0" via=":junction_25_0" dir="L" state="m"/>
    <connection from=":junction_25" to="junction_end3" fromLane="0" toLane="0" dir="L" state="M"/>
    <connection from=":junction_3" to="junction_int2" fromLane="0" toLane="0" via=":junction_26_0" dir="l" state="m"/>
    <connection from=":junction_26" to="junction_int2" fromLane="0" toLane="0" dir="l" state="M"/>
    <connection from=":junction_4" to="junction_end2" fromLane="0" toLane="0" via=":junction_27_0" dir="t" state="m"/>
    <connection from=":junction_27" to="junction_end2" fromLane="0" toLane="0" dir="t" state="M"/>
    <connection from=":junction_5" to="junction_int2" fromLane="0" toLane="0" dir="r" state="M"/>
    <connection from=":junction_6" to="junction_end2" fromLane="0" toLane="0" dir="R" state="M"/>
    <connection from=":junction_7" to="junction_end1" fromLane="0" toLane="0" dir="s" state="M"/>
    <connection from=":junction_8" to="junction_end4" fromLane="0" toLane="0" via=":junction_28_0" dir="l" state="m"/>
    <connection from=":junction_28" to="junction_end4" fromLane="0" toLane="0" dir="l" state="M"/>
    <connection from=":junction_9" to="junction_end3" fromLane="0" toLane="0" via=":junction_29_0" dir="t" state="m"/>
    <connection from=":junction_29" to="junction_end3" fromLane="0" toLane="0" dir="t" state="M"/>
    <connection from=":junction_10" to="junction_end3" fromLane="0" toLane="0" dir="r" state="M"/>
    <connection from=":junction_11" to="junction_int2" fromLane="0" toLane="0" dir="R" state="M"/>
    <connection from=":junction_12" to="junction_end2" fromLane="0" toLane="0" dir="s" state="M"/>
    <connection from=":junction_13" to="junction_end1" fromLane="0" toLane="0" via=":junction_30_0" dir="l" state="m"/>
    <connection from=":junction_30" to="junction_end1" fromLane="0" toLane="0" dir="l" state="M"/>
    <connection from=":junction_14" to="junction_end4" fromLane="0" toLane="0" via=":junction_31_0" dir="t" state="m"/>
    <connection from=":junction_31" to="junction_end4" fromLane="0" toLane="0" dir="t" state="M"/>
    <connection from=":junction_15" to="junction_end4" fromLane="0" toLane="0" dir="r" state="M"/>
    <connection from=":junction_16" to="junction_end3" fromLane="0" toLane="0" dir="R" state="M"/>
    <connection from=":junction_17" to="junction_int2" fromLane="0" toLane="0" dir="s" state="M"/>
    <connection from=":junction_18" to="junction_end2" fromLane="0" toLane="0" via=":junction_32_0" dir="L" state="m"/>
    <connection from=":junction_32" to="junction_end2" fromLane="0" toLane="0" dir="L" state="M"/>
    <connection from=":junction_19" to="junction_end1" fromLane="0" toLane="0" via=":junction_33_0" dir="l" state="m"/>
    <connection from=":junction_33" to="junction_end1" fromLane="0" toLane="0" dir="l" state="M"/>
    <connection from=":junction_20" to="junction_end4" fromLane="0" toLane="0" dir="r" state="M"/>
    <connection from=":junction_21" to="junction_end3" fromLane="0" toLane="0" dir="s" state="M"/>
    <connection from=":junction_22" to="junction_int2" fromLane="0" toLane="0" dir="L" state="M"/>
    <connection from=":junction_23" to="junction_end2" fromLane="0" toLane="0" dir="l" state="M"/>
    <connection from=":junction_24" to="junction_end1" fromLane="0" toLane="0" via=":junction_34_0" dir="t" state="m"/>
    <connection from=":junction_34" to="junction_end1" fromLane="0" toLane="0" dir="t" state="M"/>
    <connection from=":p1_0" to="walk_p1_p2" fromLane="0" toLane="0" dir="r" state="M"/>
    <connection from=":p2_0" to="walk_p2_p3" fromLane="0" toLane="0" dir="r" state="M"/>
    <connection from=":p3_0" to="walk_p3_p4" fromLane="0" toLane="0" dir="r" state="M"/>
    <connection from=":p4_0" to="walk_p4_p1" fromLane="0" toLane="0" dir="r" state="M"/>

</net>
