<?xml version="1.0" encoding="UTF-8"?>
<nodes>
    <!-- Main intersections -->
    <node id="end1" x="0" y="100"/>
    <node id="end2" x="100" y="100"/>
    <node id="end3" x="100" y="0"/>
    <node id="end4" x="0" y="0"/>
    <node id="junction" x="50" y="50" type="traffic_light"/>
    <node id="int1" x="-50" y="50" type="traffic_light"/>
    <node id="int2" x="150" y="50" type="traffic_light"/>

    <!-- Pedestrian sidewalk nodes -->
    <node id="p1" x="40" y="60" type="walkingarea"/>
    <node id="p2" x="60" y="60" type="walkingarea"/>
    <node id="p3" x="60" y="40" type="walkingarea"/>
    <node id="p4" x="40" y="40" type="walkingarea"/>
</nodes>
