<?xml version="1.0" encoding="UTF-8"?>
<edges>
    <!-- Vehicle edges -->
    <edge id="end1_junction" from="end1" to="junction" type="car"/>
    <edge id="end2_junction" from="end2" to="junction" type="car"/>
    <edge id="end3_junction" from="end3" to="junction" type="car"/>
    <edge id="end4_junction" from="end4" to="junction" type="car"/>
    <edge id="junction_end1" from="junction" to="end1" type="car"/>
    <edge id="junction_end2" from="junction" to="end2" type="car"/>
    <edge id="junction_end3" from="junction" to="end3" type="car"/>
    <edge id="junction_end4" from="junction" to="end4" type="car"/>

    <!-- New intersections -->
    <edge id="end1_int1" from="end1" to="int1" type="car"/>
    <edge id="int1_junction" from="int1" to="junction" type="car"/>
    <edge id="junction_int2" from="junction" to="int2" type="car"/>
    <edge id="int2_end4" from="int2" to="end4" type="car"/>

    <!-- Pedestrian edges -->
    <edge id="walk_p1_p2" from="p1" to="p2" type="pedestrian"/>
    <edge id="walk_p2_p3" from="p2" to="p3" type="pedestrian"/>
    <edge id="walk_p3_p4" from="p3" to="p4" type="pedestrian"/>
    <edge id="walk_p4_p1" from="p4" to="p1" type="pedestrian"/>
</edges>
