<?xml version="1.0" encoding="UTF-8"?>

<!-- generated on 2025-05-07 02:25:24 by Eclipse SUMO netconvert Version 1.22.0
<netconvertConfiguration xmlns:xsi="http://www.w3.org/2001/XMLSchema-instance" xsi:noNamespaceSchemaLocation="http://sumo.dlr.de/xsd/netconvertConfiguration.xsd">

    <input>
        <node-files value="intelligent_traffic.nod.xml"/>
        <edge-files value="intelligent_traffic.edg.xml"/>
    </input>

    <output>
        <output-file value="intelligent_traffic.net.xml"/>
    </output>

</netconvertConfiguration>
-->

<net version="1.20" junctionCornerDetail="5" limitTurnSpeed="5.50" xmlns:xsi="http://www.w3.org/2001/XMLSchema-instance" xsi:noNamespaceSchemaLocation="http://sumo.dlr.de/xsd/net_file.xsd">

    <location netOffset="0.00,0.00" convBoundary="0.00,0.00,150.00,150.00" origBoundary="0.00,0.00,150.00,150.00" projParameter="!"/>

    <edge id=":end1_0" function="internal">
        <lane id=":end1_0_0" index="0" speed="3.24" length="3.20" shape="1.13,101.13 -1.13,98.87"/>
    </edge>
    <edge id=":end1_1" function="internal">
        <lane id=":end1_1_0" index="0" speed="3.24" length="3.20" shape="1.13,101.13 -1.13,98.87"/>
    </edge>
    <edge id=":end2_0" function="internal">
        <lane id=":end2_0_0" index="0" speed="3.24" length="3.20" shape="101.13,98.87 98.87,101.13"/>
    </edge>
    <edge id=":end2_1" function="internal">
        <lane id=":end2_1_0" index="0" speed="3.24" length="3.20" shape="101.13,98.87 98.87,101.13"/>
    </edge>
    <edge id=":end3_0" function="internal">
        <lane id=":end3_0_0" index="0" speed="3.24" length="3.20" shape="98.87,-1.13 101.13,1.13"/>
    </edge>
    <edge id=":end3_1" function="internal">
        <lane id=":end3_1_0" index="0" speed="3.24" length="3.20" shape="98.87,-1.13 101.13,1.13"/>
    </edge>
    <edge id=":end4_0" function="internal">
        <lane id=":end4_0_0" index="0" speed="3.24" length="3.20" shape="-1.13,1.13 1.13,-1.13"/>
    </edge>
    <edge id=":end4_1" function="internal">
        <lane id=":end4_1_0" index="0" speed="3.24" length="3.20" shape="-1.13,1.13 1.13,-1.13"/>
    </edge>
    <edge id=":end5_0" function="internal">
        <lane id=":end5_0_0" index="0" speed="3.65" length="4.67" shape="101.43,149.28 101.25,150.72 100.72,151.43 99.82,151.43 98.57,150.72"/>
    </edge>
    <edge id=":end6_0" function="internal">
        <lane id=":end6_0_0" index="0" speed="3.65" length="4.67" shape="149.28,-1.43 150.72,-1.25 151.43,-0.72 151.43,0.18 150.72,1.43"/>
    </edge>
    <edge id=":junction_0" function="internal">
        <lane id=":junction_0_0" index="0" speed="8.91" length="22.24" shape="59.18,71.93 54.70,63.79 50.87,58.61 47.69,56.38 45.16,57.10"/>
    </edge>
    <edge id=":junction_1" function="internal">
        <lane id=":junction_1_0" index="0" speed="13.90" length="30.16" shape="59.18,71.93 56.32,66.50 51.96,58.63 47.36,50.95 43.78,46.04"/>
    </edge>
    <edge id=":junction_2" function="internal">
        <lane id=":junction_2_0" index="0" speed="13.90" length="23.00" shape="59.18,71.93 55.41,61.10 55.23,50.85 55.66,49.64"/>
    </edge>
    <edge id=":junction_3" function="internal">
        <lane id=":junction_3_0" index="0" speed="13.27" length="16.12" shape="59.18,71.93 55.64,61.32 56.02,56.40"/>
    </edge>
    <edge id=":junction_4" function="internal">
        <lane id=":junction_4_0" index="0" speed="6.04" length="2.93" shape="59.18,71.93 58.90,69.02"/>
    </edge>
    <edge id=":junction_5" function="internal">
        <lane id=":junction_5_0" index="0" speed="3.65" length="1.44" shape="59.18,71.93 59.36,70.50"/>
    </edge>
    <edge id=":junction_36" function="internal">
        <lane id=":junction_36_0" index="0" speed="13.90" length="20.44" shape="55.66,49.64 58.64,41.18 65.64,32.10"/>
    </edge>
    <edge id=":junction_37" function="internal">
        <lane id=":junction_37_0" index="0" speed="13.27" length="24.72" shape="56.02,56.40 56.35,52.12 61.30,44.33 70.50,37.96"/>
    </edge>
    <edge id=":junction_38" function="internal">
        <lane id=":junction_38_0" index="0" speed="6.04" length="11.98" shape="58.90,69.02 58.82,68.10 60.95,65.20 64.38,64.09 67.90,65.64"/>
    </edge>
    <edge id=":junction_39" function="internal">
        <lane id=":junction_39_0" index="0" speed="3.65" length="3.23" shape="59.36,70.50 59.89,69.78 60.79,69.78 62.04,70.50"/>
    </edge>
    <edge id=":junction_6" function="internal">
        <lane id=":junction_6_0" index="0" speed="5.98" length="14.58" shape="65.64,67.90 61.74,64.39 59.84,63.65 59.94,65.69 62.04,70.50"/>
    </edge>
    <edge id=":junction_7" function="internal">
        <lane id=":junction_7_0" index="0" speed="10.40" length="24.68" shape="65.64,67.90 58.50,61.36 52.70,57.38 48.26,55.96 45.16,57.10"/>
    </edge>
    <edge id=":junction_8" function="internal">
        <lane id=":junction_8_0" index="0" speed="13.90" length="30.92" shape="65.64,67.90 43.78,46.04"/>
    </edge>
    <edge id=":junction_9" function="internal">
        <lane id=":junction_9_0" index="0" speed="13.27" length="5.01" shape="65.64,67.90 62.63,63.89"/>
    </edge>
    <edge id=":junction_10" function="internal">
        <lane id=":junction_10_0" index="0" speed="11.46" length="4.78" shape="65.64,67.90 62.80,64.06"/>
    </edge>
    <edge id=":junction_11" function="internal">
        <lane id=":junction_11_0" index="0" speed="3.65" length="1.44" shape="65.64,67.90 65.36,66.49"/>
    </edge>
    <edge id=":junction_40" function="internal">
        <lane id=":junction_40_0" index="0" speed="13.27" length="35.82" shape="62.63,63.89 58.93,58.95 56.69,50.00 58.93,41.05 65.64,32.10"/>
    </edge>
    <edge id=":junction_41" function="internal">
        <lane id=":junction_41_0" index="0" speed="11.46" length="32.87" shape="62.80,64.06 59.25,59.26 57.95,51.29 61.71,44.14 70.50,37.96"/>
    </edge>
    <edge id=":junction_42" function="internal">
        <lane id=":junction_42_0" index="0" speed="3.65" length="3.23" shape="65.36,66.49 65.64,65.64 66.49,65.36 67.90,65.64"/>
    </edge>
    <edge id=":junction_12" function="internal">
        <lane id=":junction_12_0" index="0" speed="10.51" length="31.45" shape="71.93,40.82 64.47,45.98 61.31,51.84 62.45,58.39 67.90,65.64"/>
    </edge>
    <edge id=":junction_13" function="internal">
        <lane id=":junction_13_0" index="0" speed="12.42" length="35.67" shape="71.93,40.82 63.89,46.39 59.57,53.19 58.95,61.23 62.04,70.50"/>
    </edge>
    <edge id=":junction_14" function="internal">
        <lane id=":junction_14_0" index="0" speed="13.90" length="31.36" shape="71.93,40.82 66.36,43.81 58.20,48.47 50.21,53.38 45.16,57.10"/>
    </edge>
    <edge id=":junction_15" function="internal">
        <lane id=":junction_15_0" index="0" speed="13.07" length="8.44" shape="71.93,40.82 64.22,44.25"/>
    </edge>
    <edge id=":junction_16" function="internal">
        <lane id=":junction_16_0" index="0" speed="6.04" length="1.97" shape="71.93,40.82 69.97,41.01"/>
    </edge>
    <edge id=":junction_17" function="internal">
        <lane id=":junction_17_0" index="0" speed="3.65" length="1.44" shape="71.93,40.82 70.50,40.64"/>
    </edge>
    <edge id=":junction_43" function="internal">
        <lane id=":junction_43_0" index="0" speed="13.07" length="21.44" shape="64.22,44.25 61.83,45.32 53.77,47.69 47.75,47.93 43.78,46.04"/>
    </edge>
    <edge id=":junction_44" function="internal">
        <lane id=":junction_44_0" index="0" speed="6.04" length="12.94" shape="69.97,41.01 68.10,41.18 65.20,39.05 64.09,35.62 65.64,32.10"/>
    </edge>
    <edge id=":junction_45" function="internal">
        <lane id=":junction_45_0" index="0" speed="3.65" length="3.23" shape="70.50,40.64 69.78,40.11 69.78,39.21 70.50,37.96"/>
    </edge>
    <edge id=":junction_18" function="internal">
        <lane id=":junction_18_0" index="0" speed="5.98" length="14.58" shape="67.90,34.36 64.39,38.26 63.65,40.16 65.69,40.06 70.50,37.96"/>
    </edge>
    <edge id=":junction_19" function="internal">
        <lane id=":junction_19_0" index="0" speed="12.42" length="35.67" shape="67.90,34.36 62.04,42.18 60.08,50.00 62.04,57.82 67.90,65.64"/>
    </edge>
    <edge id=":junction_20" function="internal">
        <lane id=":junction_20_0" index="0" speed="13.90" length="39.41" shape="67.90,34.36 61.55,42.60 58.46,51.37 58.62,60.67 62.04,70.50"/>
    </edge>
    <edge id=":junction_21" function="internal">
        <lane id=":junction_21_0" index="0" speed="13.90" length="32.16" shape="67.90,34.36 45.16,57.10"/>
    </edge>
    <edge id=":junction_22" function="internal">
        <lane id=":junction_22_0" index="0" speed="10.98" length="3.87" shape="67.90,34.36 64.91,36.82"/>
    </edge>
    <edge id=":junction_23" function="internal">
        <lane id=":junction_23_0" index="0" speed="3.65" length="1.31" shape="67.90,34.36 66.62,34.62"/>
    </edge>
    <edge id=":junction_46" function="internal">
        <lane id=":junction_46_0" index="0" speed="10.98" length="23.80" shape="64.91,36.82 61.92,39.27 54.64,43.72 47.97,46.40 43.78,46.04"/>
    </edge>
    <edge id=":junction_47" function="internal">
        <lane id=":junction_47_0" index="0" speed="3.65" length="3.36" shape="66.62,34.62 66.49,34.64 65.64,34.36 65.36,33.51 65.64,32.10"/>
    </edge>
    <edge id=":junction_24" function="internal">
        <lane id=":junction_24_0" index="0" speed="10.26" length="23.99" shape="46.04,43.78 48.75,44.53 52.92,42.84 58.55,38.69 65.64,32.10"/>
    </edge>
    <edge id=":junction_25" function="internal">
        <lane id=":junction_25_0" index="0" speed="12.22" length="26.01" shape="46.04,43.78 49.17,45.02 54.29,44.46 61.40,42.11 70.50,37.96"/>
    </edge>
    <edge id=":junction_26" function="internal">
        <lane id=":junction_26_0" index="0" speed="13.90" length="30.92" shape="46.04,43.78 67.90,65.64"/>
    </edge>
    <edge id=":junction_27" function="internal">
        <lane id=":junction_27_0" index="0" speed="13.90" length="4.61" shape="46.04,43.78 48.76,47.50"/>
    </edge>
    <edge id=":junction_28" function="internal">
        <lane id=":junction_28_0" index="0" speed="8.26" length="3.90" shape="46.04,43.78 48.32,46.94"/>
    </edge>
    <edge id=":junction_29" function="internal">
        <lane id=":junction_29_0" index="0" speed="3.65" length="1.44" shape="46.04,43.78 46.32,45.19"/>
    </edge>
    <edge id=":junction_48" function="internal">
        <lane id=":junction_48_0" index="0" speed="13.90" length="26.58" shape="48.76,47.50 49.72,48.82 54.53,56.79 59.09,64.93 62.04,70.50"/>
    </edge>
    <edge id=":junction_49" function="internal">
        <lane id=":junction_49_0" index="0" speed="8.26" length="11.30" shape="48.32,46.94 48.93,50.22 47.88,53.60 45.16,57.10"/>
    </edge>
    <edge id=":junction_50" function="internal">
        <lane id=":junction_50_0" index="0" speed="3.65" length="3.23" shape="46.32,45.19 46.04,46.04 45.19,46.32 43.78,46.04"/>
    </edge>
    <edge id=":junction_30" function="internal">
        <lane id=":junction_30_0" index="0" speed="6.83" length="10.05" shape="42.90,54.84 44.77,52.47 45.54,50.22 45.21,48.07 43.78,46.04"/>
    </edge>
    <edge id=":junction_31" function="internal">
        <lane id=":junction_31_0" index="0" speed="13.90" length="32.16" shape="42.90,54.84 65.64,32.10"/>
    </edge>
    <edge id=":junction_32" function="internal">
        <lane id=":junction_32_0" index="0" speed="13.90" length="32.39" shape="42.90,54.84 48.08,51.02 56.35,45.91 64.80,41.04 70.50,37.96"/>
    </edge>
    <edge id=":junction_33" function="internal">
        <lane id=":junction_33_0" index="0" speed="11.35" length="3.50" shape="42.90,54.84 46.07,53.35"/>
    </edge>
    <edge id=":junction_34" function="internal">
        <lane id=":junction_34_0" index="0" speed="10.01" length="2.78" shape="42.90,54.84 45.48,53.79"/>
    </edge>
    <edge id=":junction_35" function="internal">
        <lane id=":junction_35_0" index="0" speed="3.65" length="1.44" shape="42.90,54.84 44.32,54.55"/>
    </edge>
    <edge id=":junction_51" function="internal">
        <lane id=":junction_51_0" index="0" speed="11.35" length="26.09" shape="46.07,53.35 47.13,52.85 52.70,53.99 59.63,58.25 67.90,65.64"/>
    </edge>
    <edge id=":junction_52" function="internal">
        <lane id=":junction_52_0" index="0" speed="10.01" length="25.60" shape="45.48,53.79 47.68,52.91 52.52,55.70 57.34,61.98 62.04,70.50"/>
    </edge>
    <edge id=":junction_53" function="internal">
        <lane id=":junction_53_0" index="0" speed="3.65" length="3.23" shape="44.32,54.55 45.16,54.84 45.45,55.68 45.16,57.10"/>
    </edge>

    <edge id="end1_end3" from="end1" to="end3" priority="1">
        <lane id="end1_end3_0" index="0" speed="13.90" length="141.42" shape="-1.13,98.87 98.87,-1.13"/>
    </edge>
    <edge id="end1_junction" from="end1" to="junction" priority="1">
        <lane id="end1_junction_0" index="0" speed="13.90" length="62.27" shape="-1.13,98.87 42.90,54.84"/>
    </edge>
    <edge id="end2_end4" from="end2" to="end4" priority="1">
        <lane id="end2_end4_0" index="0" speed="13.90" length="141.42" shape="98.87,101.13 -1.13,1.13"/>
    </edge>
    <edge id="end2_junction" from="end2" to="junction" priority="1">
        <lane id="end2_junction_0" index="0" speed="13.90" length="46.99" shape="98.87,101.13 65.64,67.90"/>
    </edge>
    <edge id="end3_end1" from="end3" to="end1" priority="1">
        <lane id="end3_end1_0" index="0" speed="13.90" length="141.42" shape="101.13,1.13 1.13,101.13"/>
    </edge>
    <edge id="end3_junction" from="end3" to="junction" priority="1">
        <lane id="end3_junction_0" index="0" speed="13.90" length="46.99" shape="101.13,1.13 67.90,34.36"/>
    </edge>
    <edge id="end4_end2" from="end4" to="end2" priority="1">
        <lane id="end4_end2_0" index="0" speed="13.90" length="141.42" shape="1.13,-1.13 101.13,98.87"/>
    </edge>
    <edge id="end4_junction" from="end4" to="junction" priority="1">
        <lane id="end4_junction_0" index="0" speed="13.90" length="63.51" shape="1.13,-1.13 46.04,43.78"/>
    </edge>
    <edge id="end5_junction" from="end5" to="junction" priority="1">
        <lane id="end5_junction_0" index="0" speed="13.90" length="88.08" shape="98.57,150.72 59.18,71.93"/>
    </edge>
    <edge id="end6_junction" from="end6" to="junction" priority="1">
        <lane id="end6_junction_0" index="0" speed="13.90" length="88.08" shape="150.72,1.43 71.93,40.82"/>
    </edge>
    <edge id="junction_end1" from="junction" to="end1" priority="1">
        <lane id="junction_end1_0" index="0" speed="13.90" length="62.27" shape="45.16,57.10 1.13,101.13"/>
    </edge>
    <edge id="junction_end2" from="junction" to="end2" priority="1">
        <lane id="junction_end2_0" index="0" speed="13.90" length="46.99" shape="67.90,65.64 101.13,98.87"/>
    </edge>
    <edge id="junction_end3" from="junction" to="end3" priority="1">
        <lane id="junction_end3_0" index="0" speed="13.90" length="46.99" shape="65.64,32.10 98.87,-1.13"/>
    </edge>
    <edge id="junction_end4" from="junction" to="end4" priority="1">
        <lane id="junction_end4_0" index="0" speed="13.90" length="63.51" shape="43.78,46.04 -1.13,1.13"/>
    </edge>
    <edge id="junction_end5" from="junction" to="end5" priority="1">
        <lane id="junction_end5_0" index="0" speed="13.90" length="88.08" shape="62.04,70.50 101.43,149.28"/>
    </edge>
    <edge id="junction_end6" from="junction" to="end6" priority="1">
        <lane id="junction_end6_0" index="0" speed="13.90" length="88.08" shape="70.50,37.96 149.28,-1.43"/>
    </edge>

    <tlLogic id="junction" type="static" programID="0" offset="0">
        <phase duration="25" state="rrrrrrGGGgggrrrrrrrrrrrrGGGgggrrrrrr"/>
        <phase duration="3"  state="rrrrrryyyyyyrrrrrrrrrrrryyyyyyrrrrrr"/>
        <phase duration="1"  state="rrrrrrrrrrrrrrrrrrrrrrrrrrrrrrrrrrrr"/>
        <phase duration="27" state="rrrrrrrrrrrrGGGgggrrrrrrrrrrrrGGGggg"/>
        <phase duration="3"  state="rrrrrrrrrrrryyyyyyrrrrrrrrrrrryyyyyy"/>
        <phase duration="27" state="gGggggrrrrrrrrrrrrGGGgggrrrrrrrrrrrr"/>
        <phase duration="3"  state="yyyyyyrrrrrrrrrrrryyyyyyrrrrrrrrrrrr"/>
        <phase duration="1"  state="rrrrrrrrrrrrrrrrrrrrrrrrrrrrrrrrrrrr"/>
    </tlLogic>

    <junction id="end1" type="priority" x="0.00" y="100.00" incLanes="junction_end1_0 end3_end1_0" intLanes=":end1_0_0 :end1_1_0" shape="2.26,102.26 0.00,100.00 -2.26,97.74">
        <request index="0" response="00" foes="00" cont="0"/>
        <request index="1" response="00" foes="00" cont="0"/>
    </junction>
    <junction id="end2" type="priority" x="100.00" y="100.00" incLanes="junction_end2_0 end4_end2_0" intLanes=":end2_0_0 :end2_1_0" shape="102.26,97.74 100.00,100.00 97.74,102.26">
        <request index="0" response="00" foes="00" cont="0"/>
        <request index="1" response="00" foes="00" cont="0"/>
    </junction>
    <junction id="end3" type="priority" x="100.00" y="0.00" incLanes="junction_end3_0 end1_end3_0" intLanes=":end3_0_0 :end3_1_0" shape="97.74,-2.26 100.00,0.00 102.26,2.26">
        <request index="0" response="00" foes="00" cont="0"/>
        <request index="1" response="00" foes="00" cont="0"/>
    </junction>
    <junction id="end4" type="priority" x="0.00" y="0.00" incLanes="junction_end4_0 end2_end4_0" intLanes=":end4_0_0 :end4_1_0" shape="-2.26,2.26 0.00,0.00 2.26,-2.26">
        <request index="0" response="00" foes="00" cont="0"/>
        <request index="1" response="00" foes="00" cont="0"/>
    </junction>
    <junction id="end5" type="priority" x="100.00" y="150.00" incLanes="junction_end5_0" intLanes=":end5_0_0" shape="100.00,150.00 102.86,148.57 100.00,150.00">
        <request index="0" response="0" foes="0" cont="0"/>
    </junction>
    <junction id="end6" type="priority" x="150.00" y="0.00" incLanes="junction_end6_0" intLanes=":end6_0_0" shape="150.00,0.00 148.57,-2.86 150.00,0.00">
        <request index="0" response="0" foes="0" cont="0"/>
    </junction>
    <junction id="junction" type="traffic_light" x="50.00" y="50.00" incLanes="end5_junction_0 end2_junction_0 end6_junction_0 end3_junction_0 end4_junction_0 end1_junction_0" intLanes=":junction_0_0 :junction_1_0 :junction_36_0 :junction_37_0 :junction_38_0 :junction_39_0 :junction_6_0 :junction_7_0 :junction_8_0 :junction_40_0 :junction_41_0 :junction_42_0 :junction_12_0 :junction_13_0 :junction_14_0 :junction_43_0 :junction_44_0 :junction_45_0 :junction_18_0 :junction_19_0 :junction_20_0 :junction_21_0 :junction_46_0 :junction_47_0 :junction_24_0 :junction_25_0 :junction_26_0 :junction_48_0 :junction_49_0 :junction_50_0 :junction_30_0 :junction_31_0 :junction_32_0 :junction_51_0 :junction_52_0 :junction_53_0" shape="57.75,72.65 63.47,69.78 64.51,69.03 69.03,64.51 65.35,60.10 63.38,55.98 63.12,52.13 64.58,48.56 67.76,45.27 72.65,42.25 69.78,36.53 69.03,35.49 64.51,30.97 60.00,35.32 56.13,38.71 52.92,41.14 50.36,42.61 48.44,43.11 47.17,42.65 42.65,47.17 43.81,49.15 43.84,50.22 43.51,51.33 42.82,52.49 41.77,53.71 46.29,58.23 48.82,58.58 50.57,60.42 52.64,63.38 55.03,67.46">
        <request index="0"  response="000000010000001000000100000010000000" foes="100000010000001000000100000010000000" cont="0"/>
        <request index="1"  response="011010010000000000001000000110000000" foes="011111110000011000001100000110000000" cont="0"/>
        <request index="2"  response="011110001111001000011100001110000000" foes="011110001111111000011100001110000000" cont="1"/>
        <request index="3"  response="011100001110000111011100011110000000" foes="011100001110000111111100011110000000" cont="1"/>
        <request index="4"  response="011000001100000110000011011110000000" foes="011000001100000110000011111110000000" cont="1"/>
        <request index="5"  response="010000001000000100000010000001000000" foes="010000001000000100000010000001000000" cont="1"/>
        <request index="6"  response="010000000000000000000000000000000000" foes="010000001000000100000010000000100000" cont="0"/>
        <request index="7"  response="010000000000000000000000000000011100" foes="110000011000001100000110000000011111" cont="0"/>
        <request index="8"  response="001000000000010000001000000000011100" foes="001111111000011100001110000000011110" cont="0"/>
        <request index="9"  response="001000000111010000011000000000011100" foes="001110000111111100011110000000011100" cont="1"/>
        <request index="10" response="001000000110000000011000000000011000" foes="001100000110000011111110000000011000" cont="1"/>
        <request index="11" response="001000000100000010000001000000010000" foes="001000000100000010000001000000010000" cont="1"/>
        <request index="12" response="000000000100000000000000000000010000" foes="001000000100000010000000100000010000" cont="0"/>
        <request index="13" response="000000001100000000000000011111010000" foes="011000001100000110000000011111110000" cont="0"/>
        <request index="14" response="000000011100000000000000011110001110" foes="111000011100001110000000011110001111" cont="0"/>
        <request index="15" response="000111011100011000000000011100001110" foes="000111111100011110000000011100001110" cont="1"/>
        <request index="16" response="000110000011011000000000011000001100" foes="000110000011111110000000011000001100" cont="1"/>
        <request index="17" response="000100000010000001000000010000001000" foes="000100000010000001000000010000001000" cont="1"/>
        <request index="18" response="000000000010000000000000010000000000" foes="000100000010000000100000010000001000" cont="0"/>
        <request index="19" response="001000000110000000011111010000000000" foes="001100000110000000011111110000011000" cont="0"/>
        <request index="20" response="011000001110000000011110001111000000" foes="011100001110000000011110001111111000" cont="0"/>
        <request index="21" response="011000011110000000011100001110000010" foes="111100011110000000011100001110000111" cont="0"/>
        <request index="22" response="000011011110000000011000001100000110" foes="000011111110000000011000001100000110" cont="1"/>
        <request index="23" response="000010000001000000010000001000000100" foes="000010000001000000010000001000000100" cont="1"/>
        <request index="24" response="000000000000000000010000000000000100" foes="000010000000100000010000001000000100" cont="0"/>
        <request index="25" response="000000000000010000010000000000001100" foes="000110000000011111110000011000001100" cont="0"/>
        <request index="26" response="001000000000010000001000000000011100" foes="001110000000011110001111111000011100" cont="0"/>
        <request index="27" response="011000000000010000001000000111011100" foes="011110000000011100001110000111111100" cont="1"/>
        <request index="28" response="011000000000010000001000000110000000" foes="111110000000011000001100000110000011" cont="1"/>
        <request index="29" response="000001000000010000001000000100000010" foes="000001000000010000001000000100000010" cont="1"/>
        <request index="30" response="000000000000010000000000000100000010" foes="000000100000010000001000000100000010" cont="0"/>
        <request index="31" response="000000011111010000000000001100000100" foes="000000011111110000011000001100000110" cont="0"/>
        <request index="32" response="000000011110001111000000011100001110" foes="000000011110001111111000011100001110" cont="0"/>
        <request index="33" response="000000011100001110000111011100011110" foes="000000011100001110000111111100011110" cont="1"/>
        <request index="34" response="000000011000001100000110000011011110" foes="000000011000001100000110000011111110" cont="1"/>
        <request index="35" response="000000010000001000000100000010000001" foes="000000010000001000000100000010000001" cont="1"/>
    </junction>

    <junction id=":junction_36_0" type="internal" x="55.66" y="49.64" incLanes=":junction_2_0 end3_junction_0" intLanes=":junction_7_0 :junction_8_0 :junction_9_0 :junction_14_0 :junction_15_0 :junction_16_0 :junction_21_0 :junction_22_0 :junction_23_0 :junction_24_0 :junction_25_0 :junction_26_0 :junction_27_0 :junction_31_0 :junction_32_0 :junction_33_0 :junction_34_0"/>
    <junction id=":junction_37_0" type="internal" x="56.02" y="56.40" incLanes=":junction_3_0 end3_junction_0" intLanes=":junction_7_0 :junction_8_0 :junction_9_0 :junction_10_0 :junction_14_0 :junction_15_0 :junction_16_0 :junction_17_0 :junction_18_0 :junction_19_0 :junction_20_0 :junction_25_0 :junction_26_0 :junction_27_0 :junction_32_0 :junction_33_0 :junction_34_0"/>
    <junction id=":junction_38_0" type="internal" x="58.90" y="69.02" incLanes=":junction_4_0 end3_junction_0" intLanes=":junction_7_0 :junction_8_0 :junction_9_0 :junction_10_0 :junction_11_0 :junction_12_0 :junction_13_0 :junction_19_0 :junction_20_0 :junction_26_0 :junction_27_0 :junction_33_0 :junction_34_0"/>
    <junction id=":junction_39_0" type="internal" x="59.36" y="70.50" incLanes=":junction_5_0 end1_junction_0 end2_junction_0 end3_junction_0 end4_junction_0 end6_junction_0" intLanes=":junction_6_0 :junction_13_0 :junction_20_0 :junction_27_0 :junction_34_0"/>
    <junction id=":junction_40_0" type="internal" x="62.63" y="63.89" incLanes=":junction_9_0 end4_junction_0" intLanes=":junction_2_0 :junction_3_0 :junction_4_0 :junction_13_0 :junction_14_0 :junction_15_0 :junction_16_0 :junction_20_0 :junction_21_0 :junction_22_0 :junction_23_0 :junction_24_0 :junction_25_0 :junction_26_0 :junction_31_0 :junction_32_0 :junction_33_0"/>
    <junction id=":junction_41_0" type="internal" x="62.80" y="64.06" incLanes=":junction_10_0 end4_junction_0" intLanes=":junction_3_0 :junction_4_0 :junction_13_0 :junction_14_0 :junction_15_0 :junction_16_0 :junction_17_0 :junction_18_0 :junction_19_0 :junction_25_0 :junction_26_0 :junction_32_0 :junction_33_0"/>
    <junction id=":junction_42_0" type="internal" x="65.36" y="66.49" incLanes=":junction_11_0 end1_junction_0 end3_junction_0 end4_junction_0 end5_junction_0 end6_junction_0" intLanes=":junction_4_0 :junction_12_0 :junction_19_0 :junction_26_0 :junction_33_0"/>
    <junction id=":junction_43_0" type="internal" x="64.22" y="44.25" incLanes=":junction_15_0 end1_junction_0" intLanes=":junction_1_0 :junction_2_0 :junction_3_0 :junction_8_0 :junction_9_0 :junction_10_0 :junction_19_0 :junction_20_0 :junction_21_0 :junction_22_0 :junction_26_0 :junction_27_0 :junction_28_0 :junction_29_0 :junction_30_0 :junction_31_0 :junction_32_0"/>
    <junction id=":junction_44_0" type="internal" x="69.97" y="41.01" incLanes=":junction_16_0 end1_junction_0" intLanes=":junction_2_0 :junction_3_0 :junction_9_0 :junction_10_0 :junction_19_0 :junction_20_0 :junction_21_0 :junction_22_0 :junction_23_0 :junction_24_0 :junction_25_0 :junction_31_0 :junction_32_0"/>
    <junction id=":junction_45_0" type="internal" x="70.50" y="40.64" incLanes=":junction_17_0 end1_junction_0 end2_junction_0 end3_junction_0 end4_junction_0 end5_junction_0" intLanes=":junction_3_0 :junction_10_0 :junction_18_0 :junction_25_0 :junction_32_0"/>
    <junction id=":junction_46_0" type="internal" x="64.91" y="36.82" incLanes=":junction_22_0 end5_junction_0" intLanes=":junction_1_0 :junction_2_0 :junction_8_0 :junction_9_0 :junction_15_0 :junction_16_0 :junction_25_0 :junction_26_0 :junction_27_0 :junction_28_0 :junction_29_0 :junction_30_0 :junction_31_0"/>
    <junction id=":junction_47_0" type="internal" x="66.62" y="34.62" incLanes=":junction_23_0 end1_junction_0 end2_junction_0 end4_junction_0 end5_junction_0 end6_junction_0" intLanes=":junction_2_0 :junction_9_0 :junction_16_0 :junction_24_0 :junction_31_0"/>
    <junction id=":junction_48_0" type="internal" x="48.76" y="47.50" incLanes=":junction_27_0 end2_junction_0" intLanes=":junction_2_0 :junction_3_0 :junction_4_0 :junction_5_0 :junction_6_0 :junction_7_0 :junction_8_0 :junction_13_0 :junction_14_0 :junction_15_0 :junction_20_0 :junction_21_0 :junction_22_0 :junction_31_0 :junction_32_0 :junction_33_0 :junction_34_0"/>
    <junction id=":junction_49_0" type="internal" x="48.32" y="46.94" incLanes=":junction_28_0 end2_junction_0" intLanes=":junction_0_0 :junction_1_0 :junction_7_0 :junction_8_0 :junction_14_0 :junction_15_0 :junction_21_0 :junction_22_0 :junction_31_0 :junction_32_0 :junction_33_0 :junction_34_0 :junction_35_0"/>
    <junction id=":junction_50_0" type="internal" x="46.32" y="45.19" incLanes=":junction_29_0 end1_junction_0 end2_junction_0 end3_junction_0 end5_junction_0 end6_junction_0" intLanes=":junction_1_0 :junction_8_0 :junction_15_0 :junction_22_0 :junction_30_0"/>
    <junction id=":junction_51_0" type="internal" x="46.07" y="53.35" incLanes=":junction_33_0 end6_junction_0" intLanes=":junction_1_0 :junction_2_0 :junction_3_0 :junction_4_0 :junction_8_0 :junction_9_0 :junction_10_0 :junction_11_0 :junction_12_0 :junction_13_0 :junction_14_0 :junction_19_0 :junction_20_0 :junction_21_0 :junction_26_0 :junction_27_0 :junction_28_0"/>
    <junction id=":junction_52_0" type="internal" x="45.48" y="53.79" incLanes=":junction_34_0 end6_junction_0" intLanes=":junction_1_0 :junction_2_0 :junction_3_0 :junction_4_0 :junction_5_0 :junction_6_0 :junction_7_0 :junction_13_0 :junction_14_0 :junction_20_0 :junction_21_0 :junction_27_0 :junction_28_0"/>
    <junction id=":junction_53_0" type="internal" x="44.32" y="54.55" incLanes=":junction_35_0 end2_junction_0 end3_junction_0 end4_junction_0 end5_junction_0 end6_junction_0" intLanes=":junction_0_0 :junction_7_0 :junction_14_0 :junction_21_0 :junction_28_0"/>

    <connection from="end1_end3" to="end3_junction" fromLane="0" toLane="0" via=":end3_1_0" dir="l" state="M"/>
    <connection from="end1_junction" to="junction_end4" fromLane="0" toLane="0" via=":junction_30_0" tl="junction" linkIndex="30" dir="r" state="o"/>
    <connection from="end1_junction" to="junction_end3" fromLane="0" toLane="0" via=":junction_31_0" tl="junction" linkIndex="31" dir="s" state="o"/>
    <connection from="end1_junction" to="junction_end6" fromLane="0" toLane="0" via=":junction_32_0" tl="junction" linkIndex="32" dir="L" state="o"/>
    <connection from="end1_junction" to="junction_end2" fromLane="0" toLane="0" via=":junction_33_0" tl="junction" linkIndex="33" dir="L" state="o"/>
    <connection from="end1_junction" to="junction_end5" fromLane="0" toLane="0" via=":junction_34_0" tl="junction" linkIndex="34" dir="l" state="o"/>
    <connection from="end1_junction" to="junction_end1" fromLane="0" toLane="0" via=":junction_35_0" tl="junction" linkIndex="35" dir="t" state="o"/>
    <connection from="end2_end4" to="end4_junction" fromLane="0" toLane="0" via=":end4_1_0" dir="l" state="M"/>
    <connection from="end2_junction" to="junction_end5" fromLane="0" toLane="0" via=":junction_6_0" tl="junction" linkIndex="6" dir="r" state="O"/>
    <connection from="end2_junction" to="junction_end1" fromLane="0" toLane="0" via=":junction_7_0" tl="junction" linkIndex="7" dir="R" state="O"/>
    <connection from="end2_junction" to="junction_end4" fromLane="0" toLane="0" via=":junction_8_0" tl="junction" linkIndex="8" dir="s" state="O"/>
    <connection from="end2_junction" to="junction_end3" fromLane="0" toLane="0" via=":junction_9_0" tl="junction" linkIndex="9" dir="L" state="o"/>
    <connection from="end2_junction" to="junction_end6" fromLane="0" toLane="0" via=":junction_10_0" tl="junction" linkIndex="10" dir="l" state="o"/>
    <connection from="end2_junction" to="junction_end2" fromLane="0" toLane="0" via=":junction_11_0" tl="junction" linkIndex="11" dir="t" state="o"/>
    <connection from="end3_end1" to="end1_junction" fromLane="0" toLane="0" via=":end1_1_0" dir="l" state="M"/>
    <connection from="end3_junction" to="junction_end6" fromLane="0" toLane="0" via=":junction_18_0" tl="junction" linkIndex="18" dir="r" state="o"/>
    <connection from="end3_junction" to="junction_end2" fromLane="0" toLane="0" via=":junction_19_0" tl="junction" linkIndex="19" dir="R" state="o"/>
    <connection from="end3_junction" to="junction_end5" fromLane="0" toLane="0" via=":junction_20_0" tl="junction" linkIndex="20" dir="R" state="o"/>
    <connection from="end3_junction" to="junction_end1" fromLane="0" toLane="0" via=":junction_21_0" tl="junction" linkIndex="21" dir="s" state="o"/>
    <connection from="end3_junction" to="junction_end4" fromLane="0" toLane="0" via=":junction_22_0" tl="junction" linkIndex="22" dir="l" state="o"/>
    <connection from="end3_junction" to="junction_end3" fromLane="0" toLane="0" via=":junction_23_0" tl="junction" linkIndex="23" dir="t" state="o"/>
    <connection from="end4_end2" to="end2_junction" fromLane="0" toLane="0" via=":end2_1_0" dir="l" state="M"/>
    <connection from="end4_junction" to="junction_end3" fromLane="0" toLane="0" via=":junction_24_0" tl="junction" linkIndex="24" dir="r" state="O"/>
    <connection from="end4_junction" to="junction_end6" fromLane="0" toLane="0" via=":junction_25_0" tl="junction" linkIndex="25" dir="R" state="O"/>
    <connection from="end4_junction" to="junction_end2" fromLane="0" toLane="0" via=":junction_26_0" tl="junction" linkIndex="26" dir="s" state="O"/>
    <connection from="end4_junction" to="junction_end5" fromLane="0" toLane="0" via=":junction_27_0" tl="junction" linkIndex="27" dir="L" state="o"/>
    <connection from="end4_junction" to="junction_end1" fromLane="0" toLane="0" via=":junction_28_0" tl="junction" linkIndex="28" dir="l" state="o"/>
    <connection from="end4_junction" to="junction_end4" fromLane="0" toLane="0" via=":junction_29_0" tl="junction" linkIndex="29" dir="t" state="o"/>
    <connection from="end5_junction" to="junction_end1" fromLane="0" toLane="0" via=":junction_0_0" tl="junction" linkIndex="0" dir="r" state="o"/>
    <connection from="end5_junction" to="junction_end4" fromLane="0" toLane="0" via=":junction_1_0" tl="junction" linkIndex="1" dir="s" state="o"/>
    <connection from="end5_junction" to="junction_end3" fromLane="0" toLane="0" via=":junction_2_0" tl="junction" linkIndex="2" dir="L" state="o"/>
    <connection from="end5_junction" to="junction_end6" fromLane="0" toLane="0" via=":junction_3_0" tl="junction" linkIndex="3" dir="L" state="o"/>
    <connection from="end5_junction" to="junction_end2" fromLane="0" toLane="0" via=":junction_4_0" tl="junction" linkIndex="4" dir="l" state="o"/>
    <connection from="end5_junction" to="junction_end5" fromLane="0" toLane="0" via=":junction_5_0" tl="junction" linkIndex="5" dir="t" state="o"/>
    <connection from="end6_junction" to="junction_end2" fromLane="0" toLane="0" via=":junction_12_0" tl="junction" linkIndex="12" dir="r" state="o"/>
    <connection from="end6_junction" to="junction_end5" fromLane="0" toLane="0" via=":junction_13_0" tl="junction" linkIndex="13" dir="R" state="o"/>
    <connection from="end6_junction" to="junction_end1" fromLane="0" toLane="0" via=":junction_14_0" tl="junction" linkIndex="14" dir="s" state="o"/>
    <connection from="end6_junction" to="junction_end4" fromLane="0" toLane="0" via=":junction_15_0" tl="junction" linkIndex="15" dir="L" state="o"/>
    <connection from="end6_junction" to="junction_end3" fromLane="0" toLane="0" via=":junction_16_0" tl="junction" linkIndex="16" dir="l" state="o"/>
    <connection from="end6_junction" to="junction_end6" fromLane="0" toLane="0" via=":junction_17_0" tl="junction" linkIndex="17" dir="t" state="o"/>
    <connection from="junction_end1" to="end1_end3" fromLane="0" toLane="0" via=":end1_0_0" dir="l" state="M"/>
    <connection from="junction_end2" to="end2_end4" fromLane="0" toLane="0" via=":end2_0_0" dir="l" state="M"/>
    <connection from="junction_end3" to="end3_end1" fromLane="0" toLane="0" via=":end3_0_0" dir="l" state="M"/>
    <connection from="junction_end4" to="end4_end2" fromLane="0" toLane="0" via=":end4_0_0" dir="l" state="M"/>
    <connection from="junction_end5" to="end5_junction" fromLane="0" toLane="0" via=":end5_0_0" dir="t" state="M"/>
    <connection from="junction_end6" to="end6_junction" fromLane="0" toLane="0" via=":end6_0_0" dir="t" state="M"/>

    <connection from=":end1_0" to="end1_end3" fromLane="0" toLane="0" dir="l" state="M"/>
    <connection from=":end1_1" to="end1_junction" fromLane="0" toLane="0" dir="l" state="M"/>
    <connection from=":end2_0" to="end2_end4" fromLane="0" toLane="0" dir="l" state="M"/>
    <connection from=":end2_1" to="end2_junction" fromLane="0" toLane="0" dir="l" state="M"/>
    <connection from=":end3_0" to="end3_end1" fromLane="0" toLane="0" dir="l" state="M"/>
    <connection from=":end3_1" to="end3_junction" fromLane="0" toLane="0" dir="l" state="M"/>
    <connection from=":end4_0" to="end4_end2" fromLane="0" toLane="0" dir="l" state="M"/>
    <connection from=":end4_1" to="end4_junction" fromLane="0" toLane="0" dir="l" state="M"/>
    <connection from=":end5_0" to="end5_junction" fromLane="0" toLane="0" dir="t" state="M"/>
    <connection from=":end6_0" to="end6_junction" fromLane="0" toLane="0" dir="t" state="M"/>
    <connection from=":junction_0" to="junction_end1" fromLane="0" toLane="0" dir="r" state="M"/>
    <connection from=":junction_1" to="junction_end4" fromLane="0" toLane="0" dir="s" state="M"/>
    <connection from=":junction_2" to="junction_end3" fromLane="0" toLane="0" via=":junction_36_0" dir="L" state="m"/>
    <connection from=":junction_36" to="junction_end3" fromLane="0" toLane="0" dir="L" state="M"/>
    <connection from=":junction_3" to="junction_end6" fromLane="0" toLane="0" via=":junction_37_0" dir="L" state="m"/>
    <connection from=":junction_37" to="junction_end6" fromLane="0" toLane="0" dir="L" state="M"/>
    <connection from=":junction_4" to="junction_end2" fromLane="0" toLane="0" via=":junction_38_0" dir="l" state="m"/>
    <connection from=":junction_38" to="junction_end2" fromLane="0" toLane="0" dir="l" state="M"/>
    <connection from=":junction_5" to="junction_end5" fromLane="0" toLane="0" via=":junction_39_0" dir="t" state="m"/>
    <connection from=":junction_39" to="junction_end5" fromLane="0" toLane="0" dir="t" state="M"/>
    <connection from=":junction_6" to="junction_end5" fromLane="0" toLane="0" dir="r" state="M"/>
    <connection from=":junction_7" to="junction_end1" fromLane="0" toLane="0" dir="R" state="M"/>
    <connection from=":junction_8" to="junction_end4" fromLane="0" toLane="0" dir="s" state="M"/>
    <connection from=":junction_9" to="junction_end3" fromLane="0" toLane="0" via=":junction_40_0" dir="L" state="m"/>
    <connection from=":junction_40" to="junction_end3" fromLane="0" toLane="0" dir="L" state="M"/>
    <connection from=":junction_10" to="junction_end6" fromLane="0" toLane="0" via=":junction_41_0" dir="l" state="m"/>
    <connection from=":junction_41" to="junction_end6" fromLane="0" toLane="0" dir="l" state="M"/>
    <connection from=":junction_11" to="junction_end2" fromLane="0" toLane="0" via=":junction_42_0" dir="t" state="m"/>
    <connection from=":junction_42" to="junction_end2" fromLane="0" toLane="0" dir="t" state="M"/>
    <connection from=":junction_12" to="junction_end2" fromLane="0" toLane="0" dir="r" state="M"/>
    <connection from=":junction_13" to="junction_end5" fromLane="0" toLane="0" dir="R" state="M"/>
    <connection from=":junction_14" to="junction_end1" fromLane="0" toLane="0" dir="s" state="M"/>
    <connection from=":junction_15" to="junction_end4" fromLane="0" toLane="0" via=":junction_43_0" dir="L" state="m"/>
    <connection from=":junction_43" to="junction_end4" fromLane="0" toLane="0" dir="L" state="M"/>
    <connection from=":junction_16" to="junction_end3" fromLane="0" toLane="0" via=":junction_44_0" dir="l" state="m"/>
    <connection from=":junction_44" to="junction_end3" fromLane="0" toLane="0" dir="l" state="M"/>
    <connection from=":junction_17" to="junction_end6" fromLane="0" toLane="0" via=":junction_45_0" dir="t" state="m"/>
    <connection from=":junction_45" to="junction_end6" fromLane="0" toLane="0" dir="t" state="M"/>
    <connection from=":junction_18" to="junction_end6" fromLane="0" toLane="0" dir="r" state="M"/>
    <connection from=":junction_19" to="junction_end2" fromLane="0" toLane="0" dir="R" state="M"/>
    <connection from=":junction_20" to="junction_end5" fromLane="0" toLane="0" dir="R" state="M"/>
    <connection from=":junction_21" to="junction_end1" fromLane="0" toLane="0" dir="s" state="M"/>
    <connection from=":junction_22" to="junction_end4" fromLane="0" toLane="0" via=":junction_46_0" dir="l" state="m"/>
    <connection from=":junction_46" to="junction_end4" fromLane="0" toLane="0" dir="l" state="M"/>
    <connection from=":junction_23" to="junction_end3" fromLane="0" toLane="0" via=":junction_47_0" dir="t" state="m"/>
    <connection from=":junction_47" to="junction_end3" fromLane="0" toLane="0" dir="t" state="M"/>
    <connection from=":junction_24" to="junction_end3" fromLane="0" toLane="0" dir="r" state="M"/>
    <connection from=":junction_25" to="junction_end6" fromLane="0" toLane="0" dir="R" state="M"/>
    <connection from=":junction_26" to="junction_end2" fromLane="0" toLane="0" dir="s" state="M"/>
    <connection from=":junction_27" to="junction_end5" fromLane="0" toLane="0" via=":junction_48_0" dir="L" state="m"/>
    <connection from=":junction_48" to="junction_end5" fromLane="0" toLane="0" dir="L" state="M"/>
    <connection from=":junction_28" to="junction_end1" fromLane="0" toLane="0" via=":junction_49_0" dir="l" state="m"/>
    <connection from=":junction_49" to="junction_end1" fromLane="0" toLane="0" dir="l" state="M"/>
    <connection from=":junction_29" to="junction_end4" fromLane="0" toLane="0" via=":junction_50_0" dir="t" state="m"/>
    <connection from=":junction_50" to="junction_end4" fromLane="0" toLane="0" dir="t" state="M"/>
    <connection from=":junction_30" to="junction_end4" fromLane="0" toLane="0" dir="r" state="M"/>
    <connection from=":junction_31" to="junction_end3" fromLane="0" toLane="0" dir="s" state="M"/>
    <connection from=":junction_32" to="junction_end6" fromLane="0" toLane="0" dir="L" state="M"/>
    <connection from=":junction_33" to="junction_end2" fromLane="0" toLane="0" via=":junction_51_0" dir="L" state="m"/>
    <connection from=":junction_51" to="junction_end2" fromLane="0" toLane="0" dir="L" state="M"/>
    <connection from=":junction_34" to="junction_end5" fromLane="0" toLane="0" via=":junction_52_0" dir="l" state="m"/>
    <connection from=":junction_52" to="junction_end5" fromLane="0" toLane="0" dir="l" state="M"/>
    <connection from=":junction_35" to="junction_end1" fromLane="0" toLane="0" via=":junction_53_0" dir="t" state="m"/>
    <connection from=":junction_53" to="junction_end1" fromLane="0" toLane="0" dir="t" state="M"/>

</net>
