<nodes>
    <node id="end1" x="0" y="100" type="priority"/>
    <node id="end2" x="100" y="100" type="priority"/>
    <node id="end3" x="100" y="0" type="priority"/>
    <node id="end4" x="0" y="0" type="priority"/>
    
    <!-- Central junctions if needed -->
    <node id="junction" x="50" y="50" type="traffic_light"/>

    <!-- Add two new diagonal endpoints -->
    <node id="end5" x="100" y="150" type="priority"/>
    <node id="end6" x="150" y="0" type="priority"/>

    <!-- Central junction -->
    <node id="junction" x="50" y="50" type="traffic_light"/>
</nodes>
