<edges>
    <edge id="end1_junction" from="end1" to="junction" priority="1" numLanes="1" speed="13.9"/>
    <edge id="junction_end2" from="junction" to="end2" priority="1" numLanes="1" speed="13.9"/>
    <edge id="end2_junction" from="end2" to="junction" priority="1" numLanes="1" speed="13.9"/>
    <edge id="junction_end3" from="junction" to="end3" priority="1" numLanes="1" speed="13.9"/>
    <edge id="end3_junction" from="end3" to="junction" priority="1" numLanes="1" speed="13.9"/>
    <edge id="junction_end4" from="junction" to="end4" priority="1" numLanes="1" speed="13.9"/>
    <edge id="end4_junction" from="end4" to="junction" priority="1" numLanes="1" speed="13.9"/>
    <edge id="junction_end1" from="junction" to="end1" priority="1" numLanes="1" speed="13.9"/>

    <!-- Add diagonal edges seen in the image -->
    <edge id="end1_end3" from="end1" to="end3" priority="1" numLanes="1" speed="13.9"/>
    <edge id="end3_end1" from="end3" to="end1" priority="1" numLanes="1" speed="13.9"/>
    <edge id="end2_end4" from="end2" to="end4" priority="1" numLanes="1" speed="13.9"/>
    <edge id="end4_end2" from="end4" to="end2" priority="1" numLanes="1" speed="13.9"/>



    <edge id="end5_junction" from="end5" to="junction" priority="1" numLanes="1" speed="13.9"/>
    <edge id="junction_end5" from="junction" to="end5" priority="1" numLanes="1" speed="13.9"/>
    <edge id="end6_junction" from="end6" to="junction" priority="1" numLanes="1" speed="13.9"/>
    <edge id="junction_end6" from="junction" to="end6" priority="1" numLanes="1" speed="13.9"/>


</edges>
