<routes>
	<vType id="vtypeauto" accel="5" decel="10" sigma="0.0" length="4"
		   minGap="0" maxSpeed="36" color="1,0,0" probability="1"
		   carFollowModel="CC" tauEngine="0.5" omegaN="0.2" xi="1" c1="0.5"
		   lanesCount="4" ccAccel="4" ploegKp="0.2" ploegKd="0.7"
		   ploegH="0.5" />
	<!-- minGap is controlled by plexe parameters -->

	<route id="route_0" edges="end1_junction junction_end4"/>
	<route id="route_1" edges="end1_junction junction_end3"/>
	<route id="route_2" edges="end1_junction junction_end2"/>	

	<route id="route_3" edges="end2_junction junction_end1"/>	
	<route id="route_4" edges="end2_junction junction_end4"/>
	<route id="route_5" edges="end2_junction junction_end3"/>

	<route id="route_6" edges="end3_junction junction_end2"/>
	<route id="route_7" edges="end3_junction junction_end1"/>	
	<route id="route_8" edges="end3_junction junction_end4"/>

	<route id="route_9" edges="end4_junction junction_end3"/>	
	<route id="route_10" edges="end4_junction junction_end2"/>
	<route id="route_11" edges="end4_junction junction_end1"/>
	<!-- Vehicles using those routes -->
    <vehicle id="veh0" type="vtypeauto" route="route_0" depart="0" color="1,0,0"/>    <!-- Red -->
	<vehicle id="veh1" type="vtypeauto" route="route_1" depart="2" color="0,1,0"/>    <!-- Green -->
	<vehicle id="veh2" type="vtypeauto" route="route_2" depart="4" color="0,0,1"/>    <!-- Blue -->
	<vehicle id="veh3" type="vtypeauto" route="route_3" depart="6" color="1,1,0"/>    <!-- Yellow -->
	<vehicle id="veh4" type="vtypeauto" route="route_4" depart="8" color="1,0,1"/>    <!-- Magenta -->
	<vehicle id="veh5" type="vtypeauto" route="route_5" depart="10" color="0,1,1"/>   <!-- Cyan -->
	<vehicle id="veh6" type="vtypeauto" route="route_6" depart="12" color="0.5,0.5,0"/> <!-- Olive -->
	<vehicle id="veh7" type="vtypeauto" route="route_7" depart="14" color="1,0.5,0"/> <!-- Orange -->
	<vehicle id="veh8" type="vtypeauto" route="route_8" depart="16" color="0.5,0,0.5"/> <!-- Purple -->
	<vehicle id="veh9" type="vtypeauto" route="route_9" depart="18" color="0.3,0.3,0.3"/> <!-- Gray -->
	<vehicle id="veh10" type="vtypeauto" route="route_10" depart="20" color="0.6,0.4,0.2"/> <!-- Brown -->
	<vehicle id="veh11" type="vtypeauto" route="route_11" depart="22" color="1,1,1"/> <!-- White -->


	<!-- New diagonal routes -->
	<route id="route_12" edges="end1_end3"/>
	<route id="route_13" edges="end3_end1"/>
	<route id="route_14" edges="end2_end4"/>
	<route id="route_15" edges="end4_end2"/>

	<!-- Add vehicles for these routes -->
	<vehicle id="veh12" type="vtypeauto" route="route_12" depart="24" color="0.2,0.6,1"/>
	<vehicle id="veh13" type="vtypeauto" route="route_13" depart="26" color="1,0.3,0.3"/>
	<vehicle id="veh14" type="vtypeauto" route="route_14" depart="28" color="0.1,0.9,0.3"/>
	<vehicle id="veh15" type="vtypeauto" route="route_15" depart="30" color="0.8,0.2,1"/>


</routes>